bored,danger,dangerous,depress,destructive,dishonor,guilt,guilty,hunger,hungry,interest,lazy,lose,loss,phlegmatic,sadness,sleep,suicidal,tired,Cluster
0,0,0,0.237184,0,0,0,0,0,0,0,0,0,0,0,0,0,0,0,yes
0,0,0,0.252354,0,0,0,0,0,0,0,0,0,0,0,0,0,0,0,yes
0,0,0,0,0,0,0,0,0,0,0,0,0,0,0,0,0,0,0,yes
0,0,0,0.276836,0,0,0,0,0,0,0,0,0,0,0,0,0,0,0,yes
0,0,0,0,0,0,0,0,0,0,0,0,0,0,0,0,0,0,0,yes
0,0,0,0.182977,0,0,0,0,0,0,0,0,0,0,0,0,0,0,0,yes
0,0,0,0,0,0,0,0,0,0,0,0,0,0,0,0.30371,0,0,0,yes
0,0,0,0.276183,0,0,0,0,0,0,0,0,0,0,0,0,0,0,0,yes
0,0,0,0.211619,0,0,0,0,0,0,0,0,0,0,0,0,0,0,0,yes
0,0,0,0.420112,0,0,0,0,0,0,0,0,0,0,0,0,0,0,0,yes
0.183384,0,0,0,0,0,0,0,0,0,0,0,0,0,0,0,0,0,0,yes
0,0,0,0.179544,0,0,0,0,0,0,0,0,0,0,0,0,0,0,0,yes
0,0,0,0,0,0,0,0,0,0,0,0.185168,0,0,0,0,0,0,0,yes
0,0,0,0,0,0,0,0,0,0,0,0.185168,0,0,0,0,0,0,0,yes
0,0,0,0,0,0,0,0,0,0,0,0.208167,0,0,0,0,0,0,0,yes
0,0,0,0,0,0,0.192269,0,0,0,0,0,0,0,0,0,0,0,0,yes
0,0,0,0.184052,0,0,0,0,0,0,0,0,0,0,0,0,0,0,0,yes
0,0,0,0.220556,0,0,0,0,0,0,0,0,0,0,0,0,0,0,0,yes
0,0,0,0.231672,0,0,0,0,0,0,0,0,0,0,0,0,0,0,0,yes
0,0,0,0.209912,0,0,0,0,0,0,0,0,0,0,0,0,0,0,0,yes
0,0,0,0,0,0,0,0,0,0,0,0,0,0,0,0,0.262573,0,0,yes
0,0,0,0,0,0,0,0,0,0,0,0,0,0,0,0,0.31186,0,0,yes
0,0,0,0.21839,0,0,0,0,0,0,0,0,0,0,0,0,0,0,0,yes
0,0,0,0.21839,0,0,0,0,0,0,0,0,0,0,0,0,0,0,0,yes
0,0,0,0.251914,0,0,0,0,0,0,0,0,0,0,0,0,0,0,0,yes
0,0,0,0.264862,0,0,0,0,0,0,0,0,0,0,0,0,0,0,0,yes
0,0,0,0.343534,0,0,0,0,0,0,0,0,0,0,0,0,0,0,0,yes
0,0,0,0.187995,0,0,0,0,0,0,0,0,0,0,0,0,0,0,0,yes
0,0,0,0.320049,0,0,0,0,0,0,0,0,0,0,0,0,0,0,0,yes
0,0,0,0.187995,0,0,0,0,0,0,0,0,0,0,0,0,0,0,0,yes
0,0,0,0.187995,0,0,0,0,0,0,0,0,0,0,0,0,0,0,0,yes
0,0,0,0.201455,0,0,0,0,0,0,0,0,0,0,0,0,0,0,0,yes
0,0,0,0.212146,0,0,0,0,0,0,0,0,0,0,0,0,0,0,0,yes
0,0,0,0.212146,0,0,0,0,0,0,0,0,0,0,0,0,0,0,0,yes
0,0,0,0.213884,0,0,0,0,0,0,0,0,0,0,0,0,0,0,0,yes
0,0,0,0.235204,0,0,0,0,0,0,0,0,0,0,0,0,0,0,0,yes
0,0,0,0.191466,0,0,0,0,0,0,0,0,0,0,0,0,0,0,0,yes
0,0,0,0.191466,0,0,0,0,0,0,0,0,0,0,0,0,0,0,0,yes
0,0,0,0.212146,0,0,0,0,0,0,0,0,0,0,0,0,0,0,0,yes
0,0,0,0.212146,0,0,0,0,0,0,0,0,0,0,0,0,0,0,0,yes
0,0,0,0.212146,0,0,0,0,0,0,0,0,0,0,0,0,0,0,0,yes
0,0,0,0.212146,0,0,0,0,0,0,0,0,0,0,0,0,0,0,0,yes
0,0,0,0.212146,0,0,0,0,0,0,0,0,0,0,0,0,0,0,0,yes
0,0,0,0.212146,0,0,0,0,0,0,0,0,0,0,0,0,0,0,0,yes
0,0,0,0.212146,0,0,0,0,0,0,0,0,0,0,0,0,0,0,0,yes
0,0,0,0.212146,0,0,0,0,0,0,0,0,0,0,0,0,0,0,0,yes
0,0,0,0.212146,0,0,0,0,0,0,0,0,0,0,0,0,0,0,0,yes
0,0,0,0.212146,0,0,0,0,0,0,0,0,0,0,0,0,0,0,0,yes
0,0,0,0.212146,0,0,0,0,0,0,0,0,0,0,0,0,0,0,0,yes
0,0,0,0.212146,0,0,0,0,0,0,0,0,0,0,0,0,0,0,0,yes
0,0,0,0.224388,0,0,0,0,0,0,0,0,0,0,0,0,0,0,0,yes
0,0,0,0.195092,0,0,0,0,0,0,0,0,0,0,0,0,0,0,0,yes
0,0,0,0.413247,0,0,0,0,0,0,0,0,0,0,0,0,0,0,0,yes
0,0,0,0.176729,0,0,0,0,0,0,0,0,0,0,0,0,0,0,0,yes
0,0,0,0,0,0,0,0,0,0,0,0,0,0,0,0,0,0.234296,0,yes
0,0,0,1,0,0,0,0,0,0,0,0,0,0,0,0,0,0,0,yes
0,0,0,0.195092,0,0,0,0,0,0,0,0,0,0,0,0,0,0,0,yes
0,0,0,0.195092,0,0,0,0,0,0,0,0,0,0,0,0,0,0,0,yes
0,0,0,0.250877,0,0,0,0,0,0,0,0,0,0,0,0,0,0,0,yes
0,0,0,0.189664,0,0,0,0,0,0,0,0,0,0,0,0,0,0,0,yes
0,0,0,0.279182,0,0,0,0,0,0,0,0,0,0,0,0,0,0,0,yes
0,0,0,0.643198,0,0,0,0,0,0,0,0,0,0,0,0,0,0,0,yes
0,0,0,0.231295,0,0,0,0,0,0,0,0,0,0,0,0,0,0,0,yes
0,0,0,0.231295,0,0,0,0,0,0,0,0,0,0,0,0,0,0,0,yes
0,0,0,0.252909,0,0,0,0,0,0,0,0,0,0,0,0,0,0,0,yes
0,0,0,0.216591,0,0,0,0,0,0,0,0,0,0,0,0,0,0,0,yes
0,0,0,0.194824,0,0,0,0,0,0,0,0,0,0,0,0,0,0,0,yes
0,0,0,0.176317,0,0,0,0,0,0,0,0,0,0,0,0,0,0,0,yes
0,0,0,0.196488,0,0,0,0,0,0,0,0,0,0,0,0,0,0,0,yes
0,0,0,0.177864,0,0,0,0,0,0,0,0,0,0,0,0,0,0,0,yes
0,0,0,0.196488,0,0,0,0,0,0,0,0,0,0,0,0,0,0,0,yes
0,0,0,0.204993,0,0,0,0,0,0,0,0,0,0,0,0,0,0,0,yes
0,0,0,0.196488,0,0,0,0,0,0,0,0,0,0,0,0,0,0,0,yes
0,0,0,0.196488,0,0,0,0,0,0,0,0,0,0,0,0,0,0,0,yes
0,0,0,0.196488,0,0,0,0,0,0,0,0,0,0,0,0,0,0,0,yes
0,0,0,0.196488,0,0,0,0,0,0,0,0,0,0,0,0,0,0,0,yes
0,0,0,0.196488,0,0,0,0,0,0,0,0,0,0,0,0,0,0,0,yes
0,0,0,0.284557,0,0,0,0,0,0,0,0,0,0,0,0,0,0,0,yes
0,0,0,0.243696,0,0,0,0,0,0,0,0,0,0,0,0,0,0,0,yes
0,0,0,0,0,0,0,0,0,0,0,0,0,0.217558,0,0,0,0,0,yes
0,0,0,0,0,0,0,0,0,0,0,0,0,0.248489,0,0,0,0,0,yes
0,0,0,0,0,0,0,0,0,0,0,0,0,0.271329,0,0,0,0,0,yes
0,0,0,0,0,0,0,0,0,0,0,0,0,0.271329,0,0,0,0,0,yes
0,0,0,0,0,0,0,0,0,0,0,0,0,0.271329,0,0,0,0,0,yes
0,0,0,0,0,0,0,0,0,0,0,0,0.27834,0,0,0,0,0,0,yes
0,0,0,0,0,0,0,0,0,0,0,0,0,0.271329,0,0,0,0,0,yes
0,0,0,0,0,0,0,0,0,0,0,0,0.294274,0,0,0,0,0,0,yes
0,0,0,0,0,0,0,0,0,0,0,0,0,0.271329,0,0,0,0,0,yes
0,0,0,0,0,0,0,0,0,0,0,0,0,0.271329,0,0,0,0,0,yes
0,0,0,0,0,0,0,0,0,0,0,0,0,0.271329,0,0,0,0,0,yes
0,0,0,0,0,0,0,0,0,0,0,0,0,0.271329,0,0,0,0,0,yes
0,0,0,0,0,0,0,0,0,0,0,0,0,0.285277,0,0,0,0,0,yes
0,0,0,0,0,0,0,0,0,0.439144,0,0,0,0,0,0,0,0,0,yes
0,0,0,0,0,0,0,0,0,0,0,0,0,0.288812,0,0,0,0,0,yes
0,0,0,0,0,0,0,0,0,0.383371,0,0,0,0,0,0,0,0,0,yes
0,0,0,0,0,0,0,0,0.224786,0,0,0,0,0,0,0,0,0,0,yes
0,0,0,0,0,0,0,0,0.226959,0,0,0,0,0,0,0,0,0,0,yes
0,0,0,0,0,0,0,0,0,0,0,0,0,0.31246,0,0,0,0,0,yes
0,0,0,0,0,0,0,0,0,0,0.283915,0,0,0,0,0,0,0,0,yes
0,0,0,0,0,0,0,0,0.493516,0,0,0,0,0,0,0,0,0,0,yes
0,0,0,0,0,0,0,0,0.20824,0,0,0,0,0,0,0,0,0,0,yes
0,0,0,0,0,0,0,0,0.211078,0,0,0,0,0,0,0,0,0,0,yes
0,0,0,0,0,0,0,0,0.18777,0,0,0,0,0,0,0,0,0,0,yes
0,0,0,0,0,0,0,0,0.202808,0,0,0,0,0,0,0,0,0,0,yes
0,0,0,0,0,0,0,0,0,0.280484,0,0,0,0,0,0,0,0,0,yes
0,0,0,0,0,0,0,0,0,0,0,0,0,0,0,0,0,0,0,yes
0,0,0,0.200027,0,0,0,0,0.199521,0,0,0,0,0,0,0,0,0,0,yes
0,0,0,0,0,0,0,0,0,0.280484,0,0,0,0,0,0,0,0,0,yes
0,0,0,0,0,0,0,0,0,0.321251,0,0,0,0,0,0,0,0,0,yes
0,0,0,0,0,0,0,0,0.187191,0,0,0,0,0,0,0,0,0,0,yes
0,0,0,0.200027,0,0,0,0,0.199521,0,0,0,0,0,0,0,0,0,0,yes
0,0,0,0,0,0,0,0,0.174375,0,0,0,0,0,0,0,0,0,0,yes
0,0,0,0,0,0,0,0,0.190622,0,0,0,0,0,0,0,0,0,0,yes
0,0,0,0,0,0,0,0,0.159972,0,0,0,0,0,0,0,0,0,0,yes
0,0,0,0,0,0,0,0,0.190622,0,0,0,0,0,0,0,0,0,0,yes
0,0,0,0,0,0,0,0,0.279133,0,0,0,0,0,0,0,0,0,0,yes
0,0,0,0,0,0,0,0,0.176417,0,0,0,0,0,0,0,0,0,0,yes
0,0,0,0,0,0,0,0,1,0,0,0,0,0,0,0,0,0,0,yes
0,0,0,0,0,0,0,0,0.462154,0,0,0,0,0,0,0,0,0,0,yes
0,0,0,0,0,0,0,0,0.224265,0,0,0,0,0,0,0,0,0,0,yes
0,0,0,0,0,0,0,0,0.462154,0,0,0,0,0,0,0,0,0,0,yes
0,0,0,0,0,0,0,0,0.199959,0,0,0,0,0,0,0,0,0,0,yes
0,0,0,0,0,0,0,0,0.207131,0,0,0,0,0,0,0,0,0,0,yes
0,0,0,0,0,0,0,0,0.18773,0,0,0,0,0,0,0,0,0,0,yes
0,0,0,0.200027,0,0,0,0,0.199521,0,0,0,0,0,0,0,0,0,0,yes
0,0,0,0.220336,0,0,0,0,0,0,0,0,0,0,0,0,0,0,0,yes
0,0,0,0,0,0,0,0,0.165009,0,0,0,0,0,0,0,0,0,0,yes
0,0,0,0,0,0,0,0,0.194799,0,0,0,0,0,0,0,0,0,0,yes
0,0,0,0,0,0,0,0,0.218032,0,0,0,0,0,0,0,0,0,0,yes
0,0,0,0,0,0,0,0,0.175678,0,0,0,0,0,0,0,0,0,0,yes
0,0,0,0,0,0,0,0,0.31046,0,0,0,0,0,0,0,0,0,0,yes
0,0,0,0,0,0,0,0,0.296208,0,0,0,0,0,0,0,0,0,0,yes
0,0,0,0,0,0,0,0,0.376785,0,0,0,0,0,0,0,0,0,0,yes
0,0,0,0.242775,0,0,0,0,0.24216,0,0,0,0,0,0,0,0,0,0,yes
0,0,0,0,0,0,0,0,0.311801,0,0,0,0,0,0,0,0,0,0,yes
0,0,0,0,0,0,0,0,0.18722,0,0,0,0,0,0,0,0,0,0,yes
0,0,0,0,0,0,0,0,0.354171,0,0,0,0,0,0,0,0,0,0,yes
0,0,0,0,0,0,0,0,0.516389,0,0,0,0,0,0,0,0,0,0,yes
0,0,0,0,0,0,0,0,0.516389,0,0,0,0,0,0,0,0,0,0,yes
0,0,0,0,0,0,0,0,0.217662,0,0,0,0,0,0,0,0,0,0,yes
0,0,0,0,0,0,0,0,0.516389,0,0,0,0,0,0,0,0,0,0,yes
0,0,0,0,0,0,0,0,0.516389,0,0,0,0,0,0,0,0,0,0,yes
0,0,0,0,0,0,0,0,0.190337,0,0,0,0,0,0,0,0,0,0,yes
0,0,0,0,0,0,0,0,0.516389,0,0,0,0,0,0,0,0,0,0,yes
0,0,0,0,0,0,0,0,0.516389,0,0,0,0,0,0,0,0,0,0,yes
0,0,0,0,0,0,0,0,0.516389,0,0,0,0,0,0,0,0,0,0,yes
0,0.197523,0,0,0,0,0,0,0.397029,0.304277,0,0,0,0,0,0,0,0,0,yes
0,0,0,0,0,0,0,0,0.516389,0,0,0,0,0,0,0,0,0,0,yes
0,0,0,0,0,0,0,0,0.218497,0,0,0,0,0,0,0,0,0,0,yes
0,0,0,0,0,0,0,0,0.178855,0,0,0,0,0,0,0,0,0,0,yes
0,0,0,0,0,0,0,0,0.279133,0,0,0,0,0,0,0,0,0,0,yes
0,0,0,0,0,0,0,0,1,0,0,0,0,0,0,0,0,0,0,yes
0,0,0,0,0,0,0,0,1,0,0,0,0,0,0,0,0,0,0,yes
0,0,0,0,0,0,0,0,0.212194,0,0,0,0,0,0,0,0,0,0,yes
0,0,0,0,0,0,0,0,0.434543,0,0,0,0,0,0,0,0,0,0,yes
0,0,0,0,0,0,0,0,0.164716,0,0,0,0,0,0,0,0,0,0,yes
0,0,0,0,0,0,0,0,0.164716,0,0,0,0,0,0,0,0,0,0,yes
0,0,0,0,0,0,0,0,0.255047,0,0,0,0,0,0,0,0,0,0,yes
0,0,0,0,0,0,0,0,0.405148,0,0,0,0,0,0,0,0,0,0,yes
0,0,0,0,0,0,0,0,0.229944,0,0,0,0,0,0,0,0,0,0,yes
0,0,0,0,0,0,0,0,0.242303,0,0,0,0,0,0,0,0,0,0,yes
0,0,0,0,0,0,0,0,0.18301,0,0,0,0,0,0,0,0,0,0,yes
0,0,0,0,0,0,0,0,0.212194,0,0,0,0,0,0,0,0,0,0,yes
0,0,0,0,0,0,0,0,0.193707,0,0,0,0,0,0,0,0,0,0,yes
0,0,0,0,0,0,0,0,0.164716,0,0,0,0,0,0,0,0,0,0,yes
0,0,0,0,0,0,0,0,0.279133,0,0,0,0,0,0,0,0,0,0,yes
0,0,0,0,0,0,0,0,0.212194,0,0,0,0,0,0,0,0,0,0,yes
0,0,0,0,0,0,0,0,0.196537,0,0,0,0,0,0,0,0,0,0,yes
0,0,0,0,0,0,0,0,0.196537,0,0,0,0,0,0,0,0,0,0,yes
0,0,0,0,0,0,0,0,0.219775,0,0,0,0,0,0,0,0,0,0,yes
0,0,0,0,0,0,0,0,0.196537,0,0,0,0,0,0,0,0,0,0,yes
0,0,0,0,0,0,0,0,0,0.268291,0,0,0,0,0,0,0,0,0,yes
0,0,0,0,0,0,0,0,0.192263,0,0,0,0,0,0,0,0,0,0,yes
0,0,0,0,0,0,0,0,0.18722,0,0,0,0,0,0,0,0,0,0,yes
0,0,0,0,0,0,0,0,0.226483,0,0,0,0,0,0,0,0,0,0,yes
0,0,0,0,0,0,0,0,0.226483,0,0,0,0,0,0,0,0,0,0,yes
0,0,0,0,0,0,0,0,0.226483,0,0,0,0,0,0,0,0,0,0,yes
0,0,0,0,0,0,0,0,0.226483,0,0,0,0,0,0,0,0,0,0,yes
0,0,0,0,0,0,0,0,0.226483,0,0,0,0,0,0,0,0,0,0,yes
0,0,0,0,0,0,0,0,0.212194,0,0,0,0,0,0,0,0,0,0,yes
0,0,0,0,0,0,0,0,0.456317,0,0,0,0,0,0,0,0,0,0,yes
0,0,0,0,0,0,0,0,0.200182,0,0,0,0,0,0,0,0,0,0,yes
0,0,0,0,0,0,0,0,0.212194,0,0,0,0,0,0,0,0,0,0,yes
0,0,0,0,0,0,0,0,0.34748,0,0,0,0,0,0,0,0,0,0,yes
0,0,0,0,0,0,0,0,0.179967,0,0,0,0,0,0,0,0,0,0,yes
0,0,0,0,0,0,0,0,0.279133,0,0,0,0,0,0,0,0,0,0,yes
0,0,0,0,0,0,0,0,0.255047,0,0,0,0,0,0,0,0,0,0,yes
0,0,0,0,0,0,0,0,0.208605,0,0,0,0,0,0,0,0,0,0,yes
0,0,0,0,0,0,0,0,0.18722,0,0,0,0,0,0,0,0,0,0,yes
0,0,0,0,0,0,0,0,0.279133,0,0,0,0,0,0,0,0,0,0,yes
0,0,0,0,0,0,0,0,0.18722,0,0,0,0,0,0,0,0,0,0,yes
0,0,0,0,0,0,0,0,0.279133,0,0,0,0,0,0,0,0,0,0,yes
0,0,0,0,0,0,0,0,0.195306,0,0,0,0,0,0,0,0,0,0,yes
0,0,0,0,0,0,0,0,0.279133,0,0,0,0,0,0,0,0,0,0,yes
0,0,0,0,0,0,0,0,0.279133,0,0,0,0,0,0,0,0,0,0,yes
0,0,0,0,0,0,0,0,0.317993,0,0,0,0,0,0,0,0,0,0,yes
0,0,0,0,0,0,0,0,0.191684,0,0,0,0,0,0,0,0,0,0,yes
0,0,0,0,0,0,0,0,0.282713,0,0,0,0,0,0,0,0,0,0,yes
0,0,0,0,0,0,0,0,0.195351,0,0,0,0,0,0,0,0,0,0,yes
0,0,0,0,0,0,0,0,0.176417,0,0,0,0,0,0,0,0,0,0,yes
0,0,0,0,0,0,0,0,0,0,0.268432,0,0,0,0,0,0,0,0,yes
0,0,0,0,0,0,0.414377,0,0,0,0,0,0,0,0,0,0,0,0,yes
0,0,0,0,0,0,0,0.270422,0,0,0,0,0,0,0,0,0,0,0,yes
0,0,0,0,0,0,0.165307,0,0,0,0,0,0,0,0,0,0,0.161248,0,yes
0,0,0,0,0,0,0.27381,0,0,0,0,0,0,0,0,0,0,0,0,yes
0,0,0,0,0,0,0.214086,0,0,0,0,0,0,0,0,0,0,0,0,yes
0,0,0,0,0,0,0.222193,0,0,0,0,0,0,0,0,0,0,0,0,yes
0,0,0,0,0,0,0.226979,0,0,0,0,0,0,0,0,0,0,0,0,yes
0,0,0,0,0,0,0.171809,0,0,0,0,0,0,0,0,0,0,0,0,yes
0,0,0,0,0,0,0.250167,0,0,0,0,0,0,0,0,0,0,0,0,yes
0,0,0,0,0,0,0.389126,0,0,0,0,0,0,0,0,0,0,0,0,yes
0,0,0,0,0,0,0.1769,0,0,0,0,0,0,0,0,0,0,0,0,yes
0,0,0,0,0,0,0.159379,0,0,0,0,0,0,0,0,0,0,0,0,yes
0,0,0,0,0,0,0.239379,0,0,0,0,0,0,0,0,0,0,0,0,yes
0,0,0,0,0,0,0.179302,0,0,0,0,0,0,0,0,0,0,0,0,yes
0,0,0,0,0,0,0.189154,0,0,0,0,0,0,0,0,0,0,0,0,yes
0,0,0,0,0,0,0.218632,0,0,0,0,0,0,0,0,0,0,0,0,yes
0,0,0,0,0,0,1,0,0,0,0,0,0,0,0,0,0,0,0,yes
0,0,0,0,0,0,0.202449,0,0,0,0,0,0,0,0,0,0,0,0,yes
0,0,0,0,0,0,0.210654,0,0,0,0,0,0,0,0,0,0,0,0,yes
0,0,0,0,0,0,0.23363,0,0,0,0,0,0,0,0,0,0,0,0,yes
0,0,0,0,0,0,0.380552,0,0,0,0,0,0,0,0,0,0,0,0,yes
0,0,0,0,0,0,0.205687,0,0,0,0,0,0,0,0,0,0,0,0,yes
0,0,0,0,0,0,0.219411,0,0,0,0,0,0,0,0,0,0,0,0,yes
0,0,0,0,0,0,0.192269,0,0,0,0,0,0,0,0,0,0,0,0,yes
0,0,0,0,0,0,0.343212,0,0,0,0,0,0,0,0,0,0,0,0,yes
0,0,0,0,0,0,0.1769,0,0,0,0,0,0,0,0,0,0,0,0,yes
0,0,0,0,0,0,0.187852,0,0,0,0,0,0,0,0,0,0,0,0,yes
0,0,0,0,0,0,0,0.333336,0,0,0,0,0,0,0,0,0,0,0,yes
0,0,0,0,0,0,0.267664,0,0,0,0,0,0,0,0,0,0,0,0,yes
0,0,0,0,0,0,0.240278,0,0,0,0,0,0,0,0,0,0,0,0,yes
0,0,0,0,0,0,0.414377,0,0,0,0,0,0,0,0,0,0,0,0,yes
0,0,0,0,0,0,0.216959,0,0,0,0,0,0,0,0,0,0,0,0,yes
0,0,0,0,0,0,0.170363,0,0,0,0,0,0,0,0,0,0,0,0,yes
0,0,0,0,0,0,0.193451,0,0,0,0,0,0,0,0,0,0,0,0,yes
0,0,0,0,0,0,0,0,0,0,0,0,0,0,0,0,0,0,0,yes
0,0,0,0,0,0,0,0.308409,0,0,0,0,0,0,0,0,0,0,0,yes
0,0,0,0.191427,0,0,0,0,0,0,0,0,0,0,0,0,0,0.187686,0,yes
0,0,0,0,0,0,0.165907,0,0,0,0,0,0,0,0,0,0,0,0,yes
0,0,0,0,0,0,0,0,0,0,0,0,0,0,0,0,0,0.251923,0,yes
0,0,0,0,0,0,0.226041,0,0,0,0,0,0,0,0,0,0,0,0,yes
0,0,0,0,0,0,0.273872,0,0,0,0,0,0,0,0,0,0,0,0,yes
0,0,0,0,0,0,0.185249,0,0,0,0,0,0,0,0,0,0,0,0,yes
0,0,0,0,0,0,0.172865,0,0,0,0,0,0,0,0,0,0,0,0,yes
0,0,0,0,0,0,0.198289,0,0,0,0,0,0,0,0,0,0,0,0,yes
0,0,0,0,0,0,0.224829,0,0,0,0,0,0,0,0,0,0,0,0,yes
0,0,0,0,0,0,0.221071,0,0,0,0,0,0,0,0,0,0,0,0,yes
0,0,0,0.203011,0,0,0,0,0,0,0,0,0,0,0,0,0,0,0,yes
0,0,0,0,0,0,0.389126,0,0,0,0,0,0,0,0,0,0,0,0,yes
0,0,0,0,0,0,0.224829,0,0,0,0,0,0,0,0,0,0,0,0,yes
0,0,0,0,0,0,0.186029,0,0,0,0,0,0,0,0,0,0,0,0,yes
0,0,0,0,0,0,0.27667,0,0,0,0,0,0,0,0,0,0,0,0,yes
0,0,0,0,0,0,0.218701,0,0,0,0,0,0,0,0,0,0,0,0,yes
0,0,0,0,0,0,1,0,0,0,0,0,0,0,0,0,0,0,0,yes
0,0,0,0,0,0,0.248714,0,0,0,0,0,0,0,0,0,0,0,0,yes
0,0,0,0,0,0,0.420661,0,0,0,0,0,0,0,0,0,0,0,0,yes
0,0,0,0,0,0,0.248847,0,0,0,0,0,0,0,0,0,0,0,0,yes
0,0,0,0,0,0,0.201955,0,0,0,0,0,0,0,0,0,0,0,0,yes
0,0,0,0,0,0,0.290342,0,0,0,0,0,0,0,0,0,0,0,0,yes
0,0,0,0,0,0,0,0,0,0,0,0,0,0.375315,0,0,0,0.253226,0,yes
0,0,0,0,0,0,0.169049,0,0,0,0,0,0,0,0,0,0,0,0,yes
0,0,0,0,0,0,0.343212,0,0,0,0,0,0,0,0,0,0,0,0,yes
0,0,0,0,0,0,0,0,0,0,0,0,0,0,0,0,0,0.255707,0,yes
0,0,0,0,0,0,0.171639,0,0,0,0,0,0,0,0,0,0,0,0,yes
0,0,0,0.231488,0,0,0,0,0,0,0,0,0,0,0,0,0,0,0,yes
0,0,0,0,0,0,0.174115,0,0,0,0,0,0,0,0,0,0,0,0,yes
0,0,0,0,0,0,0.203084,0,0,0,0,0,0,0,0,0,0,0,0,yes
0,0,0,0,0,0,0.209082,0,0,0,0,0,0,0,0,0,0,0,0,yes
0,0,0,0,0,0,0,0.42417,0,0,0,0,0,0,0,0,0,0,0,yes
0,0,0,0,0,0,0.232835,0,0,0,0,0,0,0,0,0,0,0,0,yes
0,0,0,0,0,0,0.618551,0,0,0,0,0,0,0,0,0,0,0,0,yes
0,0,0,0,0,0,0.29949,0,0,0,0,0,0,0,0,0,0,0,0,yes
0,0,0,0,0,0,0.202854,0.318442,0,0,0,0,0,0,0,0,0,0,0,yes
0,0,0,0,0,0,0.186233,0,0,0,0,0,0,0,0,0,0,0,0,yes
0,0,0,0,0,0,0.198289,0,0,0,0,0,0,0,0,0,0,0,0,yes
0,0,0,0,0,0,0.414377,0,0,0,0,0,0,0,0,0,0,0,0,yes
0,0,0,0,0,0,0.199018,0,0,0,0,0,0,0,0,0,0,0,0,yes
0,0,0,0,0,0,0,0,0,0,0,0,0,0,0,0,0,0.257032,0,yes
0,0,0,0,0,0,0.195502,0,0,0,0,0,0,0,0,0,0,0,0,yes
0,0,0,0,0,0,0.227225,0,0,0,0,0,0,0,0,0,0,0,0,yes
0,0,0,0,0,0,0.364472,0,0,0,0,0,0,0,0,0,0,0,0,yes
0,0,0,0,0,0,0.197804,0,0,0,0,0,0,0,0,0,0,0,0,yes
0,0,0,0,0,0,0.221071,0,0,0,0,0,0,0,0,0,0,0,0,yes
0,0,0,0,0,0,0.168357,0,0,0,0,0,0,0,0,0,0,0,0,yes
0,0,0,0,0,0,0.206802,0,0,0,0,0,0,0,0,0,0,0,0,yes
0,0,0,0,0,0,0.207785,0,0,0,0,0,0,0,0,0,0,0,0,yes
0,0,0,0,0,0,0.221071,0,0,0,0,0,0,0,0,0,0,0,0,yes
0,0,0,0,0,0,0.389126,0,0,0,0,0,0,0,0,0,0,0,0,yes
0,0,0,0,0,0,0.169673,0,0,0,0,0,0,0,0,0,0,0,0,yes
0,0,0,0,0,0,0.20269,0,0,0,0,0,0,0,0,0,0,0,0,yes
0,0,0,0,0,0,0.303254,0,0,0,0,0,0,0,0,0,0,0,0,yes
0,0,0,0,0,0,0.245385,0,0,0,0,0,0,0,0,0,0,0,0,yes
0,0,0,0,0,0,0,0.322027,0,0,0,0,0,0,0,0,0,0,0,yes
0,0,0,0,0,0,0,0,0,0,0,0,0,0,0,0,0,0.230394,0,yes
0,0,0,0,0,0,0.22281,0,0,0,0,0,0,0,0,0,0,0,0,yes
0,0,0,0,0,0,0,0,0,0,0,0,0,0,0,0,0,0.251923,0,yes
0,0,0,0,0,0,0,0,0,0,0,0,0,0,0,0,0,0.255707,0,yes
0,0,0,0,0,0,0.243728,0,0,0,0,0,0,0,0,0,0,0,0,yes
0,0,0,0,0,0,0,0.405568,0,0,0,0,0,0,0,0,0,0,0,yes
0,0,0,0,0,0,0.221226,0,0,0,0,0,0,0,0,0,0,0,0,yes
0,0,0,0,0,0,0.220969,0,0,0,0,0,0,0,0,0,0,0,0,yes
0,0,0,0,0,0,0.279354,0.438532,0,0,0,0,0,0,0,0,0,0,0,yes
0,0,0,0,0,0,0.200435,0,0,0,0,0,0,0,0,0,0,0,0,yes
0,0,0,0,0,0,0.414377,0,0,0,0,0,0,0,0,0,0,0,0,yes
0,0,0,0,0,0,0.232893,0,0,0,0,0,0,0,0,0,0,0,0,yes
0,0,0,0,0,0,1,0,0,0,0,0,0,0,0,0,0,0,0,yes
0,0,0,0,0,0,0.215643,0,0,0,0,0,0,0,0,0,0,0,0,yes
0,0,0,0,0,0,0.186203,0,0,0,0,0,0,0,0,0,0,0,0,yes
0,0,0,0,0,0,0.229209,0,0,0,0,0,0,0,0,0,0,0,0,yes
0,0,0,0,0,0,0.364472,0,0,0,0,0,0,0,0,0,0,0,0,yes
0,0,0,0,0,0,0,0,0,0.277816,0,0,0,0,0,0,0,0,0,yes
0,0.225163,0,0,0,0,0,0,0,0,0,0,0,0,0,0,0,0,0,yes
0,0,0,0,0,0.343454,0,0,0,0,0,0,0,0,0,0,0,0,0,yes
0,0,0,0,0,0.590348,0,0,0,0,0,0,0,0,0,0,0,0,0,yes
0,0,0,0,0,0.459378,0,0,0,0,0,0,0,0,0,0,0,0,0,yes
0,0,0,0,0,0.508371,0,0,0,0,0,0,0,0,0,0,0,0,0,yes
0,0,0,0,0,0.713887,0,0,0,0,0,0,0,0,0,0,0,0,0,yes
0,0,0,0,0,0.538069,0,0,0,0,0,0,0,0,0,0,0,0,0,yes
0,0,0,0,0,1,0,0,0,0,0,0,0,0,0,0,0,0,0,yes
0,0,0,0,0,0.299187,0,0,0,0,0,0,0,0,0,0,0,0,0,yes
0,0,0,0,0,0.462492,0,0,0,0,0,0,0,0,0,0,0,0,0,yes
0,0,0,0,0,0.6104,0,0,0,0,0,0,0,0,0,0,0,0,0,yes
0,0,0,0,0,0.277706,0,0,0,0,0,0,0,0,0,0,0,0,0,yes
0,0,0,0,0,0.353976,0,0,0,0,0,0,0,0,0,0,0,0,0,yes
0,0,0,0,0,0.312474,0,0,0,0,0,0,0,0,0,0,0,0,0,yes
0,0,0,0,0,0.30359,0,0,0,0,0,0,0,0,0,0,0,0,0,yes
0,0,0,0,0,0.284198,0,0,0,0,0,0,0,0,0,0,0,0,0,yes
0,0,0,0,0,0.193898,0,0,0,0,0,0,0,0,0,0,0,0,0,yes
0,0,0,0,0,0,0,0,0,0,0,0.192106,0,0,0,0,0,0,0,yes
0,0,0,0,0,0,0,0,0,0,0,0,0,0,0,0,0.678076,0,0,yes
0,0,0,0,0,0,0,0,0,0,0,0,0,0,0,0,0,0,0.358979,yes
0,0,0,0,0,0,0,0,0,0,0,0,0,0,0,0,0.220246,0,0,yes
0,0,0,0.125634,0,0,0,0,0,0,0,0,0,0,0,0,0,0,0,yes
0,0,0,0,0,0,0,0,0,0,0,0,0,0,0,0,0.277305,0,0,yes
0,0,0,0,0,0,0,0,0,0,0,0,0,0,0,0,0.297357,0,0,yes
0,0,0,0,0,0,0,0,0,0,0,0,0,0,0,0,0.340736,0,0,yes
0,0,0,0,0,0,0,0,0,0,0.25967,0,0,0,0,0,0,0,0,yes
0,0,0,0,0,0,0,0,0,0,0.4148,0,0,0,0,0,0.397683,0,0,yes
0.328635,0,0,0,0,0,0,0,0,0,0,0,0,0,0,0,0,0,0,yes
0,0,0,0,0,0,0,0,0,0.369103,0,0,0,0,0,0,0,0,0,yes
0,0,0,0,0,0,0,0,0,0,0,0.43151,0,0,0,0,0,0,0,yes
0,0,0,0,0,0,0,0,0,0,0,0.328503,0,0,0,0,0,0,0,yes
0,0,0,0,0,0,0,0,0,0.297044,0,0,0,0,0,0,0,0,0,yes
0.433526,0,0,0,0,0,0,0,0,0,0,0,0,0,0,0,0,0,0,yes
0,0,0,0,0,0,0,0,0,0,0,0,0,0,0,0,0.357341,0,0,yes
0,0,0,0,0,0,0,0,0,0,0,0.242587,0,0,0,0,0,0,0,yes
0.1972,0,0,0,0,0,0,0,0,0,0,0,0,0,0,0,0,0,0,yes
0.186147,0,0,0,0,0,0,0,0,0,0,0,0,0,0,0,0,0,0,yes
0,0,0,0,0,0,0,0,0,0,0,0,0,0,0,0,0.367861,0,0,yes
0.189851,0,0,0,0,0,0,0,0,0,0,0,0,0,0,0,0,0,0,yes
0.26678,0,0,0,0,0,0,0,0,0,0,0,0,0,0,0,0,0,0,yes
0.546564,0,0,0,0,0,0,0,0,0,0,0,0,0,0,0,0,0,0,yes
0.163299,0,0,0,0,0,0,0,0,0,0,0,0,0,0,0,0,0,0,yes
0.26678,0,0,0,0,0,0,0,0,0,0,0,0,0,0,0,0,0,0,yes
0.26678,0,0,0,0,0,0,0,0,0,0,0,0,0,0,0,0,0,0,yes
0.246591,0,0,0,0,0,0,0,0,0,0,0,0,0,0,0,0,0,0,yes
0.297275,0,0,0,0,0,0,0,0,0,0,0,0,0,0,0,0,0,0,yes
0.26678,0,0,0,0,0,0,0,0,0,0,0,0,0,0,0,0,0,0,yes
0.26678,0,0,0,0,0,0,0,0,0,0,0,0,0,0,0,0,0,0,yes
0.26909,0,0,0,0,0,0,0,0,0,0,0,0,0,0,0,0,0,0,yes
1,0,0,0,0,0,0,0,0,0,0,0,0,0,0,0,0,0,0,yes
0.189658,0,0,0,0,0,0,0,0,0,0,0,0,0,0,0,0,0,0,yes
0.214385,0,0,0,0,0,0,0,0,0,0,0,0,0,0,0,0,0,0,yes
0.197416,0,0,0,0,0,0,0,0,0,0,0,0,0,0,0,0,0,0,yes
0.189592,0,0,0,0,0,0,0,0,0,0,0,0,0,0,0,0,0,0,yes
0.204578,0,0,0,0,0,0,0,0,0,0,0,0,0,0,0,0,0,0,yes
0.235675,0,0,0,0,0,0,0,0,0,0,0,0,0,0,0,0,0,0,yes
0.155565,0,0,0,0,0,0,0,0,0,0,0,0,0,0,0,0,0,0,yes
0.28135,0,0,0,0,0,0,0,0,0,0,0,0,0,0,0,0,0,0,yes
0.179468,0,0,0,0,0,0,0,0,0,0,0,0,0,0,0,0,0,0,yes
0.171976,0,0,0,0,0,0,0,0,0,0,0,0,0,0,0,0,0,0,yes
0.368793,0,0,0,0,0,0,0,0,0,0,0,0,0,0,0,0,0,0,yes
0.450982,0,0,0,0,0,0,0,0,0,0,0,0,0,0,0,0,0,0,yes
0.373712,0,0,0,0,0,0,0,0,0,0,0,0,0,0,0,0,0,0,yes
0.341918,0,0,0,0,0,0,0,0,0,0,0,0,0,0,0,0,0,0,yes
0.176813,0,0,0,0,0,0,0,0,0,0,0,0,0,0,0,0,0,0,yes
0.213172,0,0,0,0,0,0,0,0,0,0,0,0,0,0,0,0,0,0,yes
0.260303,0,0,0,0,0,0,0,0,0,0,0,0,0,0,0,0,0,0,yes
0.20105,0,0,0,0,0,0,0,0,0,0,0,0,0,0,0,0,0,0,yes
0.139438,0,0,0,0,0,0,0,0,0,0,0,0,0,0,0,0,0,0,yes
0.309082,0,0,0,0,0,0,0,0,0,0,0,0,0,0,0,0,0,0,yes
0.1567,0,0,0,0,0,0,0,0,0,0,0,0,0,0,0,0,0,0,yes
0.255153,0,0,0,0,0,0,0,0,0,0,0,0,0,0,0,0,0,0,yes
0,0,0,0,0,0,0,0,0,0,0,0.187406,0,0,0,0,0,0,0,yes
0.226069,0,0,0,0,0,0,0,0,0,0,0,0,0,0,0,0,0,0,yes
0.509088,0,0,0,0,0,0,0,0,0,0,0,0,0,0,0,0,0,0,yes
0.203295,0,0,0,0,0,0,0,0,0,0,0,0,0,0,0,0,0,0,yes
0,0,0,0,0,0,0,0,0,0,0,0,0,0,0,0,0,0.202991,0,yes
0.606382,0,0,0,0,0,0,0,0,0,0,0,0,0,0,0,0,0,0,yes
0,0,0,0,0,0,0,0,0,0,0,0.172768,0,0,0,0,0,0,0,yes
0.189645,0,0,0,0,0,0,0,0,0,0,0,0,0,0,0,0,0,0,yes
1,0,0,0,0,0,0,0,0,0,0,0,0,0,0,0,0,0,0,yes
0.507201,0,0,0,0,0,0,0,0,0,0,0,0,0,0,0,0,0,0,yes
0.287967,0,0,0,0,0,0,0,0,0,0,0,0,0,0,0,0,0,0,yes
0.413003,0,0,0,0,0,0,0,0,0,0,0,0,0,0,0,0,0,0,yes
0.517098,0,0,0,0,0,0,0,0,0,0,0,0,0,0,0,0,0,0,yes
0.297581,0,0,0,0,0,0,0,0,0,0,0,0,0,0,0,0,0,0,yes
0.176029,0,0,0,0,0,0,0,0,0,0,0,0,0,0,0,0,0,0,yes
0.182988,0,0,0,0,0,0,0,0,0,0,0,0,0,0,0,0,0,0,yes
0.323901,0,0,0,0,0,0,0,0,0,0,0,0,0,0,0,0,0,0,yes
1,0,0,0,0,0,0,0,0,0,0,0,0,0,0,0,0,0,0,yes
0.197416,0,0,0,0,0,0,0,0,0,0,0,0,0,0,0,0,0,0,yes
0.311316,0,0,0,0,0,0,0,0,0,0,0,0,0,0,0,0,0,0,yes
0.509088,0,0,0,0,0,0,0,0,0,0,0,0,0,0,0,0,0,0,yes
0.358997,0,0,0,0,0,0,0,0,0,0,0,0,0,0,0,0,0,0,yes
0.438468,0,0,0,0,0,0,0,0,0,0,0,0,0,0,0,0,0,0,yes
0.335522,0,0,0,0,0,0,0,0,0,0,0,0,0,0,0,0,0,0,yes
0.246464,0,0,0,0,0,0,0,0,0,0,0,0,0,0,0,0,0,0,yes
0.166408,0,0,0,0,0,0,0,0,0,0,0.158081,0,0,0,0,0,0,0,yes
0.287967,0,0,0,0,0,0,0,0,0,0,0,0,0,0,0,0,0,0,yes
0.180389,0,0,0,0,0,0,0,0,0,0,0,0,0,0,0,0,0,0,yes
0.47708,0,0,0,0,0,0,0,0,0,0,0,0,0,0,0,0,0,0,yes
0.150053,0,0,0,0,0,0,0,0,0,0,0,0,0,0,0,0,0,0,yes
0.180345,0,0,0,0,0,0,0,0,0,0,0,0,0,0,0,0,0,0,yes
0.179584,0,0,0,0,0,0,0,0,0,0,0,0,0,0,0,0,0,0,yes
0.26538,0,0,0,0,0,0,0,0,0,0,0,0,0,0,0,0,0,0,yes
0.330071,0,0,0,0,0,0,0,0,0,0,0,0,0,0,0,0,0,0,yes
0.404554,0,0,0,0,0,0,0,0,0,0,0,0,0,0,0,0,0,0,yes
0.509088,0,0,0,0,0,0,0,0,0,0,0,0,0,0,0,0,0,0,yes
0.214832,0,0,0,0,0,0,0,0,0,0,0,0,0,0,0,0,0,0,yes
0.259915,0,0,0,0,0,0,0,0,0,0,0,0,0,0,0,0,0,0,yes
0.501232,0,0,0,0,0,0,0,0,0,0,0,0,0,0,0,0,0,0,yes
0.212592,0,0,0,0,0,0,0,0,0,0,0,0,0,0,0,0,0,0,yes
0,0,0,0,0,0,0,0,0,0,0,0.195762,0,0,0,0,0,0,0,yes
0.394201,0,0,0,0,0,0,0,0,0,0,0,0,0,0,0,0,0,0,yes
0.167874,0,0,0,0,0,0,0,0,0,0,0,0,0,0,0,0,0,0,yes
0.373712,0,0,0,0,0,0,0,0,0,0,0,0,0,0,0,0,0,0,yes
0.509088,0,0,0,0,0,0,0,0,0,0,0,0,0,0,0,0,0,0,yes
0.509088,0,0,0,0,0,0,0,0,0,0,0,0,0,0,0,0,0,0,yes
0.509088,0,0,0,0,0,0,0,0,0,0,0,0,0,0,0,0,0,0,yes
0.501232,0,0,0,0,0,0,0,0,0,0,0,0,0,0,0,0,0,0,yes
0.568869,0,0,0,0,0,0,0,0,0,0,0,0,0,0,0,0,0,0,yes
0.461936,0,0,0,0,0,0,0,0,0,0,0,0,0,0,0,0,0,0,yes
0.364508,0,0,0,0,0,0,0,0,0,0,0,0,0,0,0,0,0,0,yes
0.195093,0,0,0,0,0,0,0,0,0,0,0,0,0,0,0,0,0,0,yes
1,0,0,0,0,0,0,0,0,0,0,0,0,0,0,0,0,0,0,yes
0.33378,0,0,0,0,0,0,0,0,0,0,0,0,0,0,0,0,0,0,yes
0.175506,0,0,0,0,0,0,0,0,0,0,0,0,0,0,0,0,0,0,yes
0,0,0,0,0,0,0,0,0,0,0,0,0,0,0,0,0.390366,0,0,yes
0,0,0,0,0,0,0,0,0,0,0,0.227919,0,0,0,0,0,0,0,yes
0,0,0,0,0,0,0,0,0,0,0,0.253526,0,0,0,0,0,0,0,yes
0,0,0,0,0,0,0,0,0,0,0,0.179795,0,0,0,0,0,0,0,yes
0,0,0,0,0,0,0,0,0,0,0,0.190221,0,0,0,0,0,0,0,yes
0,0,0,0,0,0,0,0,0,0,0,0.137763,0,0,0,0,0,0,0,yes
0,0,0,0,0,0,0,0,0,0,0,0.205123,0,0,0,0,0,0,0,yes
0,0,0,0,0,0,0,0,0,0,0,0.226593,0,0,0,0,0,0,0,yes
0,0,0,0,0,0,0,0,0,0,0,0.226593,0,0,0,0,0,0,0,yes
0,0,0,0,0,0,0,0,0,0,0,0.137763,0,0,0,0,0,0,0,yes
0,0,0,0,0,0,0,0,0,0,0,0.226593,0,0,0,0,0,0,0,yes
0,0,0,0,0,0,0,0,0,0,0,0.330231,0,0,0,0,0,0,0,yes
0,0,0,0,0,0,0,0,0,0,0,0.13019,0,0,0,0,0,0,0,yes
0,0,0,0,0,0,0,0,0,0,0,0.241518,0,0,0,0,0,0,0,yes
0,0,0,0,0,0,0,0,0,0,0,0.226593,0,0,0,0,0,0,0,yes
0,0,0,0,0,0,0,0,0,0,0,0.192106,0,0,0,0,0,0,0,yes
0,0,0,0,0,0,0,0,0,0,0,0.226593,0,0,0,0,0,0,0,yes
0,0,0,0,0,0,0,0,0,0,0,0.156625,0,0,0,0,0,0,0,yes
0,0,0,0,0,0,0,0,0,0,0,0.226593,0,0,0,0,0,0,0,yes
0,0,0,0,0,0,0,0,0,0,0,0.188094,0,0,0,0,0,0,0,yes
0,0,0,0,0,0,0,0,0,0,0,0.248123,0,0,0,0,0,0,0,yes
0,0,0,0,0,0,0,0,0,0,0,0.226593,0,0,0,0,0,0,0,yes
0,0,0,0,0,0,0,0,0,0,0,0.226593,0,0,0,0,0,0,0,yes
0,0,0,0,0,0,0,0,0,0,0,0.226593,0,0,0,0,0,0,0,yes
0,0,0,0,0,0,0,0,0,0,0,0.226593,0,0,0,0,0,0,0,yes
0,0,0,0,0,0,0,0,0,0,0,0.226593,0,0,0,0,0,0,0,yes
0,0,0,0,0,0,0,0,0,0,0,0.226593,0,0,0,0,0,0,0,yes
0,0,0,0,0,0,0,0,0,0,0,0.226593,0,0,0,0,0,0,0,yes
0,0,0,0,0,0,0,0,0,0,0,0.243836,0,0,0,0,0,0,0,yes
0,0,0,0,0,0,0,0,0,0,0,0.169706,0,0,0,0,0,0,0,yes
0,0,0,0,0,0,0,0,0,0,0,0.190829,0,0,0,0,0,0,0,yes
0,0,0,0,0,0,0,0,0,0,0,1,0,0,0,0,0,0,0,yes
0,0,0,0,0,0,0,0,0,0,0,0.193106,0,0,0,0,0,0,0,yes
0,0,0,0,0,0,0,0,0,0,0,0.330127,0,0,0,0,0,0,0,yes
0,0,0,0,0,0,0,0,0,0,0,0.223641,0,0,0,0,0,0,0,yes
0,0,0,0,0,0,0,0,0,0,0,0.193757,0,0,0,0,0,0,0,yes
0,0,0,0,0,0,0,0,0,0,0,0.419278,0,0,0,0,0,0,0,yes
0,0,0,0,0,0,0,0,0,0,0,0.211829,0,0,0,0,0,0,0,yes
0,0,0,0,0,0,0,0,0,0,0,0.155437,0,0,0,0,0,0,0,yes
0,0,0,0,0,0,0,0,0,0,0,0.155297,0,0,0,0,0,0,0,yes
0,0,0,0,0,0,0,0,0,0,0,0.225755,0,0,0,0,0,0,0,yes
0,0,0,0,0,0,0,0,0,0,0,0.150857,0,0,0,0,0,0,0,yes
0,0,0,0,0,0,0,0,0,0,0.255529,0,0,0,0,0,0,0,0,yes
0,0,0,0,0,0,0,0,0,0,0,0.153493,0,0,0,0,0,0,0,yes
0,0,0,0,0,0,0,0,0,0,0.255529,0,0,0,0,0,0,0,0,yes
0,0,0,0,0,0,0,0,0,0,0,0.442644,0,0,0,0,0,0,0,yes
0,0,0,0,0,0,0,0,0,0,0.269209,0,0,0,0,0,0,0,0,yes
0,0,0,0,0,0,0,0,0,0,0,0.216044,0,0,0,0,0,0,0,yes
0,0,0,0,0,0,0,0,0,0,0,0.443463,0,0,0,0,0,0,0,yes
0,0,0,0,0,0,0,0,0,0,0,0.457162,0,0,0,0,0,0,0,yes
0,0,0,0,0,0,0,0,0,0,0,0.266387,0,0,0,0,0,0,0,yes
0,0,0,0,0,0,0,0,0,0,0,0.341876,0,0,0,0,0,0,0,yes
0,0,0,0,0,0,0,0,0,0,0,0.265058,0,0,0,0,0,0,0,yes
0,0,0,0,0,0,0,0,0,0,0,0.20451,0,0,0,0,0,0,0,yes
0,0,0,0,0,0,0,0,0,0,0,0.183388,0,0,0,0,0,0,0,yes
0,0,0,0,0,0,0,0,0,0,0,0.291487,0,0,0,0,0,0,0,yes
0,0,0,0,0,0,0,0,0,0,0,0.252225,0,0,0,0,0,0,0,yes
0,0,0,0,0,0,0,0,0,0,0,0.252225,0,0,0,0,0,0,0,yes
0,0,0,0,0,0,0,0,0,0,0,0.184215,0,0,0,0,0,0,0,yes
0,0,0,0,0,0,0,0,0,0,0,0.487309,0,0,0,0,0,0,0,yes
0,0,0,0,0,0,0,0,0,0,0,0.252225,0,0,0,0,0,0,0,yes
0,0,0,0,0,0,0,0,0,0,0,0.175221,0,0,0,0,0,0,0,yes
0,0,0,0,0,0,0,0,0,0,0,0.457162,0,0,0,0,0,0,0,yes
0,0,0,0,0,0,0,0,0,0,0,0.457162,0,0,0,0,0,0,0,yes
0,0,0,0,0,0,0,0,0,0,0,0.457162,0,0,0,0,0,0,0,yes
0,0,0,0,0,0,0,0,0,0,0,0.286229,0,0,0,0,0,0,0,yes
0,0,0,0,0,0,0,0,0,0,0,0.192814,0,0,0,0,0,0,0,yes
0,0,0,0,0,0,0,0,0,0,0,0.292485,0,0,0,0,0,0,0,yes
0,0,0,0,0,0,0,0,0,0,0,0.360005,0,0,0,0,0,0,0,yes
0,0,0,0,0,0,0,0,0,0,0,0.230298,0,0,0,0,0,0,0,yes
0,0,0,0,0,0,0,0,0,0,0,0.152377,0,0,0,0,0,0,0,yes
0,0,0,0,0,0,0,0,0,0,0,0.192814,0,0,0,0,0,0,0,yes
0,0,0,0,0,0,0,0,0,0,0,0.457162,0,0,0,0,0,0,0,yes
0,0,0,0,0,0,0,0,0,0,0,0.171824,0,0,0,0,0,0,0,yes
0,0,0,0,0,0,0,0,0,0,0,0.221732,0,0,0,0,0,0,0,yes
0,0,0,0,0,0,0,0,0,0,0,0.17978,0,0,0,0,0,0,0,yes
0,0,0,0,0,0,0,0,0,0,0,0.192814,0,0,0,0,0,0,0,yes
0,0,0,0,0,0,0,0,0,0,0,0.192814,0,0,0,0,0,0,0,yes
0,0,0,0,0,0,0,0,0,0,0,0.192814,0,0,0,0,0,0,0,yes
0,0,0,0,0,0,0,0,0,0,0,0.192814,0,0,0,0,0,0,0,yes
0,0,0,0,0,0,0,0,0,0,0,0.241645,0,0,0,0,0,0,0,yes
0,0,0,0,0,0,0,0,0,0,0,0.457162,0,0,0,0,0,0,0,yes
0,0,0,0,0,0,0,0,0,0,0,0.245084,0,0,0,0,0,0,0,yes
0,0,0,0,0,0,0,0,0,0,0,0.21246,0,0,0,0,0,0,0,yes
0,0,0,0,0,0,0,0,0,0,0,0.457162,0,0,0,0,0,0,0,yes
0,0,0,0,0,0,0,0,0,0,0,0.457162,0,0,0,0,0,0,0,yes
0,0,0,0,0,0,0,0,0,0,0,0.155437,0,0,0,0,0,0,0,yes
0,0,0,0,0,0,0,0,0,0,0,0.497141,0,0,0,0,0,0,0,yes
0,0,0,0,0,0,0,0,0,0,0,0.515249,0,0,0,0,0,0,0,yes
0,0,0,0,0,0,0,0,0,0,0,0.610966,0,0,0,0,0,0,0,yes
0,0,0,0,0,0,0,0,0,0,0,0.417607,0,0,0,0,0,0,0,yes
0,0,0,0,0,0,0,0,0,0,0,0.162581,0.290806,0,0,0,0,0,0,yes
0,0,0,0,0,0,0,0,0,0,0,0.209339,0,0,0,0,0,0,0,yes
0,0,0,0,0,0,0,0,0,0,0,0.169176,0,0,0,0,0,0,0,yes
0,0,0,0,0,0,0,0,0,0,0,0.167854,0,0,0,0,0,0,0,yes
0,0,0,0,0,0,0,0,0,0,0,0.547729,0,0,0,0,0,0,0,yes
0,0,0,0,0,0,0,0,0,0,0,0,0,0,0,0,0.452766,0,0,yes
0,0,0,0,0,0,0,0,0,0,0,0.179969,0,0,0,0,0,0,0,yes
0,0,0,0,0,0,0,0,0,0,0,0.135177,0,0,0,0,0,0,0,yes
0,0,0,0,0,0,0,0,0,0,0,0.341876,0,0,0,0,0,0,0,yes
0,0,0,0,0,0,0,0,0,0,0,0.741568,0,0,0,0,0,0,0,yes
0,0,0,0,0,0,0,0,0,0,0,0.205415,0,0,0,0,0,0,0,yes
0,0,0,0,0,0,0,0,0,0,0,0.206731,0,0,0,0,0,0,0,yes
0,0,0,0,0,0,0,0,0,0,0,0.181232,0,0,0,0,0,0,0,yes
0,0,0,0,0,0,0,0,0,0,0,0.2678,0,0,0,0,0,0,0,yes
0,0,0,0,0,0,0,0,0,0,0,0.235676,0,0,0,0,0,0,0,yes
0,0,0,0,0,0,0,0,0,0,0,0.206731,0,0,0,0,0,0,0,yes
0,0,0,0,0,0,0,0,0,0,0,0.226731,0,0,0,0,0,0,0,yes
0,0,0,0,0,0,0,0,0,0,0,0,0,0,0.294176,0,0,0,0,yes
0,0,0,0,0,0,0,0,0,0,0,0,0,0,0.294176,0,0,0,0,yes
0,0,0,0.221414,0,0,0,0,0,0,0,0,0,0,0,0,0,0,0,yes
0,0,0,0,0,0,0,0,0,0,0,0,0,0,0,0,0,0.449519,0,yes
0,0,0,0.18796,0,0,0,0,0,0,0,0,0,0,0,0,0,0,0,yes
0,0,0,0,0,0,0,0,0,0,0,0,0,0,0,0,0,0.211637,0,yes
0,0,0,0.207394,0,0,0,0,0,0,0,0,0,0,0,0,0,0,0,yes
0,0,0,0,0,0,0,0,0,0,0,0,0,0,0,0,0,0.212863,0,yes
0,0,0,0,0,0,0,0,0,0,0,0,0,0,0,0,0,0.179014,0,yes
0,0,0,0,0,0,0,0,0,0,0,0,0,0,0,0,0,0.208163,0,yes
0,0,0,0,0,0,0,0,0,0,0,0,0,0,0,0,0,0.180148,0,yes
0,0,0,0.247491,0,0,0,0,0,0,0,0,0,0,0,0,0,0,0,yes
0,0,0,0,0,0,0,0,0,0,0,0,0,0,0,0,0,0.335745,0,yes
0,0,0,0,0,0,0,0,0,0,0,0,0,0,0,0,0,0.237291,0,yes
0,0,0,0,0,0,0,0,0,0,0,0,0,0,0,0,0,0.174715,0,yes
0,0,0,0,0,0,0,0,0,0,0,0,0,0,0,0,0,0.327306,0,yes
0,0,0,0,0,0,0,0,0,0,0,0,0,0,0,0,0,0.271486,0,yes
0,0,0,0,0,0,0,0,0,0,0,0,0,0,0,0,0,0.181525,0,yes
0,0,0,0,0,0,0,0,0,0,0,0,0,0,0,0,0,0.190938,0,yes
0,0,0,0,0,0,0,0,0,0,0,0,0,0,0,0,0,0.247526,0,yes
0,0,0,0,0,0,0,0,0,0,0,0,0,0,0,0,0,0.235904,0,yes
0,0,0,0.247491,0,0,0,0,0,0,0,0,0,0,0,0,0,0,0,yes
0,0,0,0,0,0,0,0,0,0,0,0,0,0,0,0,0,0.20301,0,yes
0,0,0,0,0,0,0,0,0,0,0,0,0,0,0,0,0,0.182095,0,yes
0,0,0,0,0,0,0,0,0,0,0,0,0,0,0,0,0,0.190938,0,yes
0,0,0,0,0,0,0,0,0,0,0,0,0,0,0,0,0,0.353916,0,yes
0,0,0,0,0,0,0,0,0,0,0,0,0,0,0,0,0,0.190938,0,yes
0,0,0,0,0,0,0,0,0,0,0,0,0,0,0,0,0,0.190938,0,yes
0,0,0,0,0,0,0,0,0,0,0,0,0,0,0,0,0,0.190938,0,yes
0,0,0,0,0,0,0,0,0,0,0,0,0,0,0,0,0,0.190938,0,yes
0,0,0,0,0,0,0,0,0,0,0,0,0,0,0,0,0,0.190938,0,yes
0,0,0,0,0,0,0,0,0,0,0,0,0,0,0,0,0,0.190938,0,yes
0,0,0,0,0,0,0,0,0,0,0,0,0,0,0,0,0,0.190938,0,yes
0,0,0,0,0,0,0,0,0,0,0,0,0,0,0,0,0,0.209049,0,yes
0,0,0,0,0,0,0,0,0,0,0,0,0,0,0,0,0,0.151383,0,yes
0,0,0,0,0,0,0,0,0,0,0,0,0,0,0,0,0,0.255707,0,yes
0,0,0,0,0,0,0,0,0,0,0,0,0,0,0,0,0,0.348872,0,yes
0,0,0,0,0,0,0,0,0,0,0,0,0,0,0,0,0,0.350596,0,yes
0,0,0,0,0,0,0,0,0,0,0,0,0,0,0,0,0,0.182836,0,yes
0,0,0,0,0,0,0,0,0,0,0,0,0,0,0,0,0,0.251923,0,yes
0,0,0,0,0,0,0,0,0,0,0,0,0,0,0,0,0,0.387127,0,yes
0,0,0,0,0,0,0,0,0,0,0,0,0,0,0,0,0,0.197628,0,yes
0,0,0,0.211779,0,0,0,0,0,0,0,0,0,0,0,0,0,0.207641,0,yes
0,0,0,0.185539,0,0,0,0,0.18507,0,0,0,0,0,0,0,0,0.181913,0,yes
0,0,0,0,0,0,0,0,0,0,0,0,0,0,0,0,0,0.190008,0,yes
0,0,0,0,0,0,0,0,0,0,0,0,0,0,0,0,0,0.159601,0,yes
0,0,0,0,0,0,0,0,0,0,0,0,0,0,0,0,0,0.230499,0,yes
0,0,0,0,0,0,0,0,0,0,0,0,0,0,0,0,0,0.450123,0,yes
0,0,0,0.408076,0,0,0,0,0,0,0,0,0,0,0,0,0,0.200051,0,yes
0,0,0,0.408076,0,0,0,0,0,0,0,0,0,0,0,0,0,0.200051,0,yes
0,0,0,0.447481,0,0,0,0,0,0,0,0,0,0,0,0,0,0.219368,0,yes
0,0,0,0.557867,0,0,0,0,0,0,0,0,0,0,0,0,0,0.273483,0,yes
0,0,0,0.321565,0,0,0,0,0,0,0,0,0,0,0,0,0,0.315282,0,yes
0,0,0,0,0,0,0,0,0,0,0,0,0,0,0,0,0,0.22458,0,yes
0,0,0,0,0,0,0,0,0,0,0,0,0,0,0,0,0,0.147397,0,yes
0,0,0,0,0,0,0,0,0,0,0,0,0,0,0,0,0,0.207013,0,yes
0,0,0,0,0,0,0,0,0,0,0,0,0,0,0,0,0,0.255707,0,yes
0,0,0,0,0,0,0,0,0,0,0,0,0.357634,0,0,0,0,0,0,yes
0,0,0,0,0,0,0,0,0,0,0,0,0,0,0,0,0,0.215991,0,yes
0,0,0,0,0,0,0,0,0,0,0,0,0,0,0,0,0,0.39955,0,yes
0,0,0,0,0,0,0,0,0,0,0,0,0,0,0,0,0,0.281567,0,yes
0,0,0,0,0,0,0,0,0,0,0,0,0,0,0,0,0,0.18146,0,yes
0,0,0,0.191831,0,0,0,0,0,0,0,0,0,0,0,0,0,0,0,yes
0,0,0,0,0,0,0,0,0,0,0,0,0,0,0,0,0,1,0,yes
0,0,0,0,0,0,0,0,0,0,0,0,0,0,0,0,0,0.257032,0,yes
0,0,0,0,0,0,0,0,0,0,0,0,0,0,0,0,0,0.356674,0,yes
0,0,0,0,0,0,0,0,0,0,0,0,0,0,0,0,0,0.234296,0,yes
0,0,0,0,0,0,0,0,0,0,0,0,0,0,0,0,0,0.359898,0,yes
0,0,0,0,0,0,0,0,0,0,0,0,0,0,0,0,0,0.224942,0,yes
0,0,0,0,0,0,0,0,0,0,0,0,0,0,0,0,0,0.293161,0,yes
0,0,0,0,0,0,0,0,0,0,0,0,0,0,0,0,0,0.286867,0,yes
0,0,0,0,0,0,0,0,0,0,0,0,0,0,0,0,0,0.268284,0,yes
0,0,0,0.171726,0,0,0,0,0,0,0,0,0,0,0,0,0,0.16837,0,yes
0,0,0,0.405888,0,0,0,0,0,0,0,0,0,0,0,0,0,0,0,yes
0,0,0,0,0,0,0,0,0,0,0,0,0,0,0,0,0,0.188299,0,yes
0,0,0,0.444442,0,0,0,0,0,0,0,0,0,0,0,0,0,0,0,yes
0,0,0,0.191831,0,0,0,0,0,0,0,0,0,0,0,0,0,0,0,yes
0,0,0,0,0,0,0,0,0,0,0,0,0,0,0,0,0,0.190432,0,yes
0,0,0,0,0,0,0,0,0,0,0,0,0,0,0,0,0,0.188299,0,yes
0,0,0,0,0,0,0,0,0,0,0,0,0,0,0,0,0,0.190432,0,yes
0,0,0,0,0,0,0,0,0,0,0,0,0,0,0,0,0,0.188299,0,yes
0,0,0,0,0,0,0,0,0,0,0,0,0,0,0,0,0,0.230394,0,yes
0,0,0,0,0,0,0,0,0,0,0,0,0,0,0,0,0,0.188234,0,yes
0,0,0,0,0,0,0,0,0,0,0,0,0,0,0,0,0,0.450123,0,yes
0,0,0,0,0,0,0,0,0,0,0,0,0,0,0,0,0,0.247527,0,yes
0,0,0,0,0,0,0,0,0,0,0,0,0,0,0,0,0,0.251923,0,yes
0,0,0,0,0,0,0,0,0,0,0,0,0,0,0,0,0,0.255707,0,yes
0,0,0,0,0,0,0,0,0,0,0,0,0,0,0,0,0,0.268284,0,yes
0,0,0,0,0,0,0,0,0,0,0,0,0,0,0,0,0,0.456357,0,yes
0,0,0,0,0,0,0,0,0,0,0,0,0,0,0,0,0,0.456357,0,yes
0,0,0,0,0,0,0,0,0,0,0,0,0,0,0,0,0,0.456357,0,yes
0,0,0,0.44544,0,0,0,0,0,0,0,0,0,0,0,0,0,0,0,yes
0,0,0,0,0,0,0,0,0,0,0,0,0,0,0,0,0,1,0,yes
0,0,0,0,0,0,0,0,0,0,0,0,0,0,0,0,0,0.178048,0,yes
0,0,0,0,0,0,0,0,0,0,0,0,0,0,0,0,0,0.222104,0,yes
0,0,0,0,0,0,0,0,0,0,0,0,0,0,0,0,0,0.178048,0,yes
0,0,0,0,0,0,0,0,0,0,0,0,0,0,0,0,0,0.221706,0,yes
0,0,0,0,0,0,0,0,0,0,0,0,0,0,0,0,0,0.268284,0,yes
0,0,0,0,0,0,0,0,0,0,0,0,0,0,0,0,0,0.178048,0,yes
0,0,0,0,0,0,0,0,0,0,0,0,0,0,0,0,0,0.178048,0,yes
0,0,0,0,0,0,0,0,0,0,0,0,0,0,0,0,0,0.188292,0,yes
0,0,0,0.216767,0,0,0,0,0,0,0,0,0,0,0,0,0,0,0,yes
0,0,0,0,0,0,0,0,0,0,0,0,0,0,0,0,0,1,0,yes
0,0,0,0,0,0,0,0,0,0,0,0,0,0,0,0,0,0.31683,0,yes
0,0,0,0,0,0,0,0,0,0,0,0,0,0,0,0,0,0.188299,0,yes
0,0,0,0,0.354641,0,0,0,0,0,0,0,0,0,0,0,0,0,0,yes
0,0.206761,0,0,0,0,0,0,0,0,0,0,0,0,0,0,0,0,0,yes
0,0,0,0,0,0,0,0,0,0,0.33028,0,0,0,0,0,0,0,0,yes
0,0.206761,0,0,0,0,0,0,0,0,0,0,0,0,0,0,0,0,0,yes
0,0.211191,0,0,0,0,0,0,0,0,0,0,0,0,0,0,0,0,0,yes
0,0,0,0,0,0,0,0,0,0,0.331799,0,0,0,0,0,0,0,0,yes
0,0.206761,0,0,0,0,0,0,0,0,0,0,0,0,0,0,0,0,0,yes
0,0.194709,0,0,0,0,0,0,0,0,0,0,0,0,0,0,0,0,0,yes
0,0.194725,0,0,0,0,0,0,0,0,0,0,0,0,0,0,0,0,0,yes
0,0.347094,0,0,0,0,0,0,0,0,0,0,0,0,0,0,0,0,0,yes
0,0.473525,0,0,0,0,0,0,0,0,0,0,0,0,0,0,0,0,0,yes
0,0.181549,0,0,0,0,0,0,0,0,0,0,0,0,0,0,0,0,0,yes
0,0.175741,0,0,0,0,0,0,0,0,0,0,0,0,0,0,0,0,0,yes
0,0.2049,0.40156,0,0,0,0,0,0,0,0,0,0,0,0,0,0,0,0,yes
0,0.210947,0,0,0,0,0,0,0,0,0,0,0,0,0,0,0,0,0,yes
0,0.187267,0,0,0,0,0,0,0,0,0,0,0,0,0,0,0,0,0,yes
0,0.339393,0,0,0,0,0,0,0,0,0,0,0,0,0,0,0,0,0,yes
0,0.222289,0,0,0,0,0,0,0,0,0,0,0,0,0,0,0,0,0,yes
0,0.237058,0,0,0,0,0,0,0,0,0,0,0,0,0,0,0,0,0,yes
0,0.222289,0,0,0,0,0,0,0,0,0,0,0,0,0,0,0,0,0,yes
0,0.222289,0,0,0,0,0,0,0,0,0,0,0,0,0,0,0,0,0,yes
0,0.269408,0,0,0,0,0,0,0,0,0,0,0,0,0,0,0,0,0,yes
0,0.137959,0,0,0,0,0,0,0,0,0,0,0,0,0,0,0,0,0,yes
0,0.205363,0,0,0,0,0,0,0,0,0,0,0,0,0,0,0,0,0,yes
0,0.205523,0,0,0,0,0,0,0,0,0,0,0,0,0,0,0,0,0,yes
0,0.206618,0,0,0,0,0,0,0,0,0,0,0,0,0,0,0,0,0,yes
0,0.282395,0,0,0,0,0,0,0,0,0,0,0,0,0,0,0,0,0,yes
0,0.168751,0,0,0,0,0,0,0,0,0,0,0,0,0,0,0,0,0,yes
0,0.274799,0,0,0,0,0,0,0,0,0,0,0,0,0,0,0,0,0,yes
0,0.501369,0,0,0,0,0,0,0,0,0,0,0,0,0,0,0,0,0,yes
0,0.256979,0,0,0,0,0,0,0,0,0,0,0,0,0,0,0,0,0,yes
0,0.174991,0,0,0,0,0,0,0,0,0,0,0,0,0,0,0,0,0,yes
0,0.184309,0,0,0,0,0,0,0,0,0,0,0,0,0,0,0,0,0,yes
0,0.19085,0,0,0,0,0,0,0,0,0,0,0,0,0,0,0,0,0,yes
0,0.2024,0,0,0,0,0,0,0,0,0,0,0,0,0,0,0,0,0,yes
0,0.229868,0,0,0,0,0,0,0,0,0,0,0,0,0,0,0,0,0,yes
0,0.375099,0,0,0,0,0,0,0,0,0,0,0,0,0,0,0,0,0,yes
0,0.441751,0,0,0,0,0,0,0,0,0,0,0,0,0,0,0,0,0,yes
0,0.148636,0,0,0,0,0,0,0,0,0,0,0,0,0,0,0,0,0,yes
0,0.260046,0,0,0,0,0,0,0,0,0,0,0,0,0,0,0,0,0,yes
0,0.184451,0,0,0,0,0,0,0,0,0,0,0,0,0,0,0,0,0,yes
0,0.215862,0,0,0,0,0,0,0,0,0,0,0,0,0,0,0,0,0,yes
0,0.203319,0,0,0,0,0,0,0,0,0,0,0,0,0,0,0,0,0,yes
0,0.204153,0,0,0,0,0,0,0,0,0,0,0,0,0,0,0,0,0,yes
0,0.168751,0,0,0,0,0,0,0,0,0,0,0,0,0,0,0,0,0,yes
0,0.207104,0,0,0,0,0,0,0,0,0,0,0,0,0,0,0,0,0,yes
0,0.186275,0,0,0,0,0,0,0,0,0,0,0,0,0,0,0,0,0,yes
0,0.501369,0,0,0,0,0,0,0,0,0,0,0,0,0,0,0,0,0,yes
0,0.222569,0,0,0,0,0,0,0,0,0,0,0,0,0,0,0,0,0,yes
0,0.191043,0,0,0,0,0,0,0,0,0,0,0,0,0,0,0,0,0,yes
0,0.207131,0,0,0,0,0,0,0,0,0,0,0,0,0,0,0,0,0,yes
0,0.172586,0,0,0,0,0,0,0,0,0,0,0,0,0,0,0,0,0,yes
0,0.210043,0,0,0,0,0,0,0,0,0,0,0,0,0,0,0,0,0,yes
0,0.45451,0,0,0,0,0,0,0,0,0,0,0,0,0,0,0,0,0,yes
0,0.271054,0,0,0,0,0,0,0,0,0,0,0,0,0,0,0,0,0,yes
0,0.170281,0,0,0,0,0,0,0,0,0,0,0,0,0,0,0,0,0,yes
0,0.253022,0,0,0,0,0,0,0,0,0,0,0,0,0,0,0,0,0,yes
0,0.271054,0,0,0,0,0,0,0,0,0,0,0,0,0,0,0,0,0,yes
0,0.271054,0,0,0,0,0,0,0,0,0,0,0,0,0,0,0,0,0,yes
0,0.253022,0,0,0,0,0,0,0,0,0,0,0,0,0,0,0,0,0,yes
0,0.253022,0,0,0,0,0,0,0,0,0,0,0,0,0,0,0,0,0,yes
0,0.315842,0,0,0,0,0,0,0,0,0,0,0,0,0,0,0,0,0,yes
0,0.271054,0,0,0,0,0,0,0,0,0,0,0,0,0,0,0,0,0,yes
0,0.195029,0,0,0,0,0,0,0,0,0,0,0,0,0,0,0,0,0,yes
0,0.271054,0,0,0,0,0,0,0,0,0,0,0,0,0,0,0,0,0,yes
0,0.271054,0,0,0,0,0,0,0,0,0,0,0,0,0,0,0,0,0,yes
0,0.190509,0,0,0,0,0,0,0,0,0,0,0,0,0,0,0,0,0,yes
0,0.271054,0,0,0,0,0,0,0,0,0,0,0,0,0,0,0,0,0,yes
0,0.275415,0,0,0,0,0,0,0,0,0,0,0,0,0,0,0,0,0,yes
0,0.236081,0,0,0,0,0,0,0,0,0,0,0,0,0,0,0,0,0,yes
0,0.271054,0,0,0,0,0,0,0,0,0,0,0,0,0,0,0,0,0,yes
0,0.214783,0,0,0,0,0,0,0,0,0,0,0,0,0,0,0,0,0,yes
0,0.271054,0,0,0,0,0,0,0,0,0,0,0,0,0,0,0,0,0,yes
0,0.18399,0,0,0,0,0,0,0,0,0,0,0,0,0,0,0,0,0,yes
0,0.219497,0,0,0,0,0,0,0,0,0,0,0,0,0,0,0,0,0,yes
0,0.221858,0,0,0,0,0,0,0,0,0,0,0,0,0,0,0,0,0,yes
0,0.271054,0,0,0,0,0,0,0,0,0,0,0,0,0,0,0,0,0,yes
0,0.210043,0,0,0,0,0,0,0,0,0,0,0,0,0,0,0,0,0,yes
0,0.271054,0,0,0,0,0,0,0,0,0,0,0,0,0,0,0,0,0,yes
0,0.271054,0,0,0,0,0,0,0,0,0,0,0,0,0,0,0,0,0,yes
0,0.212313,0,0,0,0,0,0,0,0,0,0,0,0,0,0,0,0,0,yes
0,1,0,0,0,0,0,0,0,0,0,0,0,0,0,0,0,0,0,yes
0,0.202739,0,0,0,0,0,0,0,0,0,0,0,0,0,0,0,0,0,yes
0,0.271054,0,0,0,0,0,0,0,0,0,0,0,0,0,0,0,0,0,yes
0,0.271054,0,0,0,0,0,0,0,0,0,0,0,0,0,0,0,0,0,yes
0,0.19138,0,0,0,0,0,0,0,0,0,0,0,0,0,0,0,0,0,yes
0,0.271054,0,0,0,0,0,0,0,0,0,0,0,0,0,0,0,0,0,yes
0,0.271054,0,0,0,0,0,0,0,0,0,0,0,0,0,0,0,0,0,yes
0,0.181378,0,0,0,0,0,0,0,0,0,0,0,0,0,0,0,0,0,yes
0,0.271054,0,0,0,0,0,0,0,0,0,0,0,0,0,0,0,0,0,yes
0,0.222476,0,0,0,0,0,0,0,0,0,0,0,0,0,0,0,0,0,yes
0,0.225937,0,0,0,0,0,0,0,0,0,0,0,0,0,0,0,0,0,yes
0,0.271054,0,0,0,0,0,0,0,0,0,0,0,0,0,0,0,0,0,yes
0,0.161008,0,0,0,0,0,0,0,0,0,0,0,0,0,0,0,0,0,yes
0,0.271054,0,0,0,0,0,0,0,0,0,0,0,0,0,0,0,0,0,yes
0,0.271054,0,0,0,0,0,0,0,0,0,0,0,0,0,0,0,0,0,yes
0,0.158473,0,0,0,0,0,0,0,0,0,0,0,0,0,0,0,0,0,yes
0,0.271054,0,0,0,0,0,0,0,0,0,0,0,0,0,0,0,0,0,yes
0,0.271054,0,0,0,0,0,0,0,0,0,0,0,0,0,0,0,0,0,yes
0,0,0,0,0,0,0,0,0,0,0,0,0,0,0,0,0,0,0,no
0,0,0,0,0,0,0,0,0,0,0,0,0,0,0,0,0,0,0,no
0,0,0,0,0,0,0,0,0,0,0,0,0,0,0,0,0,0,0,no
0,0,0,0,0,0,0,0,0,0,0,0,0,0,0,0,0,0,0,no
0,0,0,0,0,0,0,0,0,0,0,0,0,0,0,0,0,0,0,no
0,0,0,0,0,0,0,0,0,0,0,0,0,0,0,0,0,0,0,no
0,0,0,0,0,0,0,0,0,0,0,0,0,0,0,0,0,0,0,no
0,0,0,0,0,0,0,0,0,0,0,0,0,0,0,0,0,0,0,no
0,0,0,0,0,0,0,0,0,0,0,0,0,0,0,0,0,0,0,no
0,0,0,0,0,0,0,0,0,0,0,0,0,0,0,0,0,0,0,no
0,0,0,0,0,0,0,0,0,0,0,0,0,0,0,0,0,0,0,no
0,0,0,0,0,0,0,0,0,0,0,0,0,0,0,0,0,0,0,no
0,0,0,0,0,0,0,0,0,0,0,0,0,0,0,0,0,0,0,no
0,0,0,0,0,0,0,0,0,0,0,0,0,0,0,0,0,0,0,no
0,0,0,0,0,0,0,0,0,0,0,0,0,0,0,0,0,0,0,no
0,0,0,0,0,0,0,0,0,0,0,0,0,0,0,0,0,0,0,no
0,0,0,0,0,0,0,0,0,0,0,0,0,0,0,0,0,0,0,no
0,0,0,0,0,0,0,0,0,0,0,0,0,0,0,0,0,0,0,no
0,0,0,0,0,0,0,0,0,0,0,0,0,0,0,0,0,0,0,no
0,0,0,0,0,0,0,0,0,0,0,0,0,0,0,0,0,0,0,no
0,0,0,0,0,0,0,0,0,0,0,0,0,0,0,0,0,0,0,no
0,0,0,0,0,0,0,0,0,0,0,0,0,0,0,0,0,0,0,no
0,0,0,0,0,0,0,0,0,0,0,0,0,0,0,0,0,0,0,no
0,0,0,0,0,0,0,0,0,0,0,0,0,0,0,0,0,0,0,no
0,0,0,0,0,0,0,0,0,0,0,0,0,0,0,0,0,0,0,no
0,0,0,0,0,0,0,0,0,0,0,0,0,0,0,0,0,0,0,no
0,0,0,0,0,0,0,0,0,0,0,0,0,0,0,0,0,0,0,no
0,0,0,0,0,0,0,0,0,0,0,0,0,0,0,0,0,0,0,no
0,0,0,0,0,0,0,0,0,0,0,0,0,0,0,0,0,0,0,no
0,0,0,0,0,0,0,0,0,0,0,0,0,0,0,0,0,0,0,no
0,0,0,0,0,0,0,0,0,0,0,0,0,0,0,0,0,0,0,no
0,0,0,0,0,0,0,0,0,0,0,0,0,0,0,0,0,0,0,no
0,0,0,0,0,0,0,0,0,0,0,0,0,0,0,0,0,0,0,no
0,0,0,0,0,0,0,0,0,0,0,0,0,0,0,0,0,0,0,no
0,0,0,0,0,0,0,0,0,0,0,0,0,0,0,0,0,0,0,no
0,0,0,0,0,0,0,0,0,0,0,0,0,0,0,0,0,0,0,no
0,0,0,0,0,0,0,0,0,0,0,0,0,0,0,0,0,0,0,no
0,0,0,0,0,0,0,0,0,0,0,0,0,0,0,0,0,0,0,no
0,0,0,0,0,0,0,0,0,0,0,0,0,0,0,0,0,0,0,no
0,0,0,0,0,0,0,0,0,0,0,0,0,0,0,0,0,0,0,no
0,0,0,0,0,0,0,0,0,0,0,0,0,0,0,0,0,0,0,no
0,0,0,0,0,0,0,0,0,0,0,0,0,0,0,0,0,0,0,no
0,0,0,0,0,0,0,0,0,0,0,0,0,0,0,0,0,0,0,no
0,0,0,0,0,0,0,0,0,0,0,0,0,0,0,0,0,0,0,no
0,0,0,0,0,0,0,0,0,0,0,0,0,0,0,0,0,0,0,no
0,0,0,0,0,0,0,0,0,0,0,0,0,0,0,0,0,0,0,no
0,0,0,0,0,0,0,0,0,0,0,0,0,0,0,0,0,0,0,no
0,0,0,0,0,0,0,0,0,0,0,0,0,0,0,0,0,0,0,no
0,0,0,0,0,0,0,0,0,0,0,0,0,0,0,0,0,0,0,no
0,0,0,0,0,0,0,0,0,0,0,0,0,0,0,0,0,0,0,no
0,0,0,0,0,0,0,0,0,0,0,0,0,0,0,0,0,0,0,no
0,0,0,0,0,0,0,0,0,0,0,0,0,0,0,0,0,0,0,no
0,0,0,0,0,0,0,0,0,0,0,0,0,0,0,0,0,0,0,no
0,0,0,0,0,0,0,0,0,0,0,0,0,0,0,0,0,0,0,no
0,0,0,0,0,0,0,0,0,0,0,0,0,0,0,0,0,0,0,no
0,0,0,0,0,0,0,0,0,0,0,0,0,0,0,0,0,0,0,no
0,0,0,0,0,0,0,0,0,0,0,0,0,0,0,0,0,0,0,no
0,0,0,0,0,0,0,0,0,0,0,0,0,0,0,0,0,0,0,no
0,0,0,0,0,0,0,0,0,0,0,0,0,0,0,0,0,0,0,no
0,0,0,0,0,0,0,0,0,0,0,0,0,0,0,0,0,0,0,no
0,0,0,0,0,0,0,0,0,0,0,0,0,0,0,0,0,0,0,no
0,0,0,0,0,0,0,0,0,0,0,0,0,0,0,0,0,0,0,no
0,0,0,0,0,0,0,0,0,0,0,0,0,0,0,0,0,0,0,no
0,0,0,0,0,0,0,0,0,0,0,0,0,0,0,0,0,0,0,no
0,0,0,0,0,0,0,0,0,0,0,0,0,0,0,0,0,0,0,no
0,0,0,0,0,0,0,0,0,0,0,0,0,0,0,0,0,0,0,no
0,0,0,0,0,0,0,0,0,0,0,0,0,0,0,0,0,0,0,no
0,0,0,0,0,0,0,0,0,0,0,0,0,0,0,0,0,0,0,no
0,0,0,0,0,0,0,0,0,0,0,0,0,0,0,0,0,0,0,no
0,0,0,0,0,0,0,0,0,0,0,0,0,0,0,0,0,0,0,no
0,0,0,0,0,0,0,0,0,0,0,0,0,0,0,0,0,0,0,no
0,0,0,0,0,0,0,0,0,0,0,0,0,0,0,0,0,0,0,no
0,0,0,0,0,0,0,0,0,0,0,0,0,0,0,0,0,0,0,no
0,0,0,0,0,0,0,0,0,0,0,0,0,0,0,0,0,0,0,no
0,0,0,0,0,0,0,0,0,0,0,0,0,0,0,0,0,0,0,no
0,0,0,0,0,0,0,0,0,0,0,0,0,0,0,0,0,0,0,no
0,0,0,0,0,0,0,0,0,0,0,0,0,0,0,0,0,0,0,no
0,0,0,0,0,0,0,0,0,0,0,0,0,0,0,0,0,0,0,no
0,0,0,0,0,0,0,0,0,0,0,0,0,0,0,0,0,0,0,no
0,0,0,0,0,0,0,0,0,0,0,0,0,0,0,0,0,0,0,no
0,0,0,0,0,0,0,0,0,0,0,0,0,0,0,0,0,0,0,no
0,0,0,0,0,0,0,0,0,0,0,0,0,0,0,0,0,0,0,no
0,0,0,0,0,0,0,0,0,0,0,0,0,0,0,0,0,0,0,no
0,0,0,0,0,0,0,0,0,0,0,0,0,0,0,0,0,0,0,no
0,0,0,0,0,0,0,0,0,0,0,0,0,0,0,0,0,0,0,no
0,0,0,0,0,0,0,0,0,0,0,0,0,0,0,0,0,0,0,no
0,0,0,0,0,0,0,0,0,0,0,0,0,0,0,0,0,0,0,no
0,0,0,0,0,0,0,0,0,0,0,0,0,0,0,0,0,0,0,no
0,0,0,0,0,0,0,0,0,0,0,0,0,0,0,0,0,0,0,no
0,0,0,0,0,0,0,0,0,0,0,0,0,0,0,0,0,0,0,no
0,0,0,0,0,0,0,0,0,0,0,0,0,0,0,0,0,0,0,no
0,0,0,0,0,0,0,0,0,0,0,0,0,0,0,0,0,0,0,no
0,0,0,0,0,0,0,0,0,0,0,0,0,0,0,0,0,0,0,no
0,0,0,0,0,0,0,0,0,0,0,0,0,0,0,0,0,0,0,no
0,0,0,0,0,0,0,0,0,0,0,0,0,0,0,0,0,0,0,no
0,0,0,0,0,0,0,0,0,0,0,0,0,0,0,0,0,0,0,no
0,0,0,0,0,0,0,0,0,0,0,0,0,0,0,0,0,0,0,no
0,0,0,0,0,0,0,0,0,0,0,0,0,0,0,0,0,0,0,no
0,0,0,0,0,0,0,0,0,0,0,0,0,0,0,0,0,0,0,no
0,0,0,0,0,0,0,0,0,0,0,0,0,0,0,0,0,0,0,no
0,0,0,0,0,0,0,0,0,0,0,0,0,0,0,0,0,0,0,no
0,0,0,0,0,0,0,0,0,0,0,0,0,0,0,0,0,0,0,no
0,0,0,0,0,0,0,0,0,0,0,0,0,0,0,0,0,0,0,no
0,0,0,0,0,0,0,0,0,0,0,0,0,0,0,0,0,0,0,no
0,0,0,0,0,0,0,0,0,0,0,0,0,0,0,0,0,0,0,no
0,0,0,0,0,0,0,0,0,0,0,0,0,0,0,0,0,0,0,no
0,0,0,0,0,0,0,0,0,0,0,0,0,0,0,0,0,0,0,no
0,0,0,0,0,0,0,0,0,0,0,0,0,0,0,0,0,0,0,no
0,0,0,0,0,0,0,0,0,0,0,0,0,0,0,0,0,0,0,no
0,0,0,0,0,0,0,0,0,0,0,0,0,0,0,0,0,0,0,no
0,0,0,0,0,0,0,0,0,0,0,0,0,0,0,0,0,0,0,no
0,0,0,0,0,0,0,0,0,0,0,0,0,0,0,0,0,0,0,no
0,0,0,0,0,0,0,0,0,0,0,0,0,0,0,0,0,0,0,no
0,0,0,0,0,0,0,0,0,0,0,0,0,0,0,0,0,0,0,no
0,0,0,0,0,0,0,0,0,0,0,0,0,0,0,0,0,0,0,no
0,0,0,0,0,0,0,0,0,0,0,0,0,0,0,0,0,0,0,no
0,0,0,0,0,0,0,0,0,0,0,0,0,0,0,0,0,0,0,no
0,0,0,0,0,0,0,0,0,0,0,0,0,0,0,0,0,0,0,no
0,0,0,0,0,0,0,0,0,0,0,0,0,0,0,0,0,0,0,no
0,0,0,0,0,0,0,0,0,0,0,0,0,0,0,0,0,0,0,no
0,0,0,0,0,0,0,0,0,0,0,0,0,0,0,0,0,0,0,no
0,0,0,0,0,0,0,0,0,0,0,0,0,0,0,0,0,0,0,no
0,0,0,0,0,0,0,0,0,0,0,0,0,0,0,0,0,0,0,no
0,0,0,0,0,0,0,0,0,0,0,0,0,0,0,0,0,0,0,no
0,0,0,0,0,0,0,0,0,0,0,0,0,0,0,0,0,0,0,no
0,0,0,0,0,0,0,0,0,0,0,0,0,0,0,0,0,0,0,no
0,0,0,0,0,0,0,0,0,0,0,0,0,0,0,0,0,0,0,no
0,0,0,0,0,0,0,0,0,0,0,0,0,0,0,0,0,0,0,no
0,0,0,0,0,0,0,0,0,0,0,0,0,0,0,0,0,0,0,no
0,0,0,0,0,0,0,0,0,0,0,0,0,0,0,0,0,0,0,no
0,0,0,0,0,0,0,0,0,0,0,0,0,0,0,0,0,0,0,no
0,0,0,0,0,0,0,0,0,0,0,0,0,0,0,0,0,0,0,no
0,0,0,0,0,0,0,0,0,0,0,0,0,0,0,0,0,0,0,no
0,0,0,0,0,0,0,0,0,0,0,0,0,0,0,0,0,0,0,no
0,0,0,0,0,0,0,0,0,0,0,0,0,0,0,0,0,0,0,no
0,0,0,0,0,0,0,0,0,0,0,0,0,0,0,0,0,0,0,no
0,0,0,0,0,0,0,0,0,0,0,0,0,0,0,0,0,0,0,no
0,0,0,0,0,0,0,0,0,0,0,0,0,0,0,0,0,0,0,no
0,0,0,0,0,0,0,0,0,0,0,0,0,0,0,0,0,0,0,no
0,0,0,0,0,0,0,0,0,0,0,0,0,0,0,0,0,0,0,no
0,0,0,0,0,0,0,0,0,0,0,0,0,0,0,0,0,0,0,no
0,0,0,0,0,0,0,0,0,0,0,0,0,0,0,0,0,0,0,no
0,0,0,0,0,0,0,0,0,0,0,0,0,0,0,0,0,0,0,no
0,0,0,0,0,0,0,0,0,0,0,0,0,0,0,0,0,0,0,no
0,0,0,0,0,0,0,0,0,0,0,0,0,0,0,0,0,0,0,no
0,0,0,0,0,0,0,0,0,0,0,0,0,0,0,0,0,0,0,no
0,0,0,0,0,0,0,0,0,0,0,0,0,0,0,0,0,0,0,no
0,0,0,0,0,0,0,0,0,0,0,0,0,0,0,0,0,0,0,no
0,0,0,0,0,0,0,0,0,0,0,0,0,0,0,0,0,0,0,no
0,0,0,0,0,0,0,0,0,0,0,0,0,0,0,0,0,0,0,no
0,0,0,0,0,0,0,0,0,0,0,0,0,0,0,0,0,0,0,no
0,0,0,0,0,0,0,0,0,0,0,0,0,0,0,0,0,0,0,no
0,0,0,0,0,0,0,0,0,0,0,0,0,0,0,0,0,0,0,no
0,0,0,0,0,0,0,0,0,0,0,0,0,0,0,0,0,0,0,no
0,0,0,0,0,0,0,0,0,0,0,0,0,0,0,0,0,0,0,no
0,0,0,0,0,0,0,0,0,0,0,0,0,0,0,0,0,0,0,no
0,0,0,0,0,0,0,0,0,0,0,0,0,0,0,0,0,0,0,no
0,0,0,0,0,0,0,0,0,0,0,0,0,0,0,0,0,0,0,no
0,0,0,0,0,0,0,0,0,0,0,0,0,0,0,0,0,0,0,no
0,0,0,0,0,0,0,0,0,0,0,0,0,0,0,0,0,0,0,no
0,0,0,0,0,0,0,0,0,0,0,0,0,0,0,0,0,0,0,no
0,0,0,0,0,0,0,0,0,0,0,0,0,0,0,0,0,0,0,no
0,0,0,0,0,0,0,0,0,0,0,0,0,0,0,0,0,0,0,no
0,0,0,0,0,0,0,0,0,0,0,0,0,0,0,0,0,0,0,no
0,0,0,0,0,0,0,0,0,0,0,0,0,0,0,0,0,0,0,no
0,0,0,0,0,0,0,0,0,0,0,0,0,0,0,0,0,0,0,no
0,0,0,0,0,0,0,0,0,0,0,0,0,0,0,0,0,0,0,no
0,0,0,0,0,0,0,0,0,0,0,0,0,0,0,0,0,0,0,no
0,0,0,0,0,0,0,0,0,0,0,0,0,0,0,0,0,0,0,no
0,0,0,0,0,0,0,0,0,0,0,0,0,0,0,0,0,0,0,no
0,0,0,0,0,0,0,0,0,0,0,0,0,0,0,0,0,0,0,no
0,0,0,0,0,0,0,0,0,0,0,0,0,0,0,0,0,0,0,no
0,0,0,0,0,0,0,0,0,0,0,0,0,0,0,0,0,0,0,no
0,0,0,0,0,0,0,0,0,0,0,0,0,0,0,0,0,0,0,no
0,0,0,0,0,0,0,0,0,0,0,0,0,0,0,0,0,0,0,no
0,0,0,0,0,0,0,0,0,0,0,0,0,0,0,0,0,0,0,no
0,0,0,0,0,0,0,0,0,0,0,0,0,0,0,0,0,0,0,no
0,0,0,0,0,0,0,0,0,0,0,0,0,0,0,0,0,0,0,no
0,0,0,0,0,0,0,0,0,0,0,0,0,0,0,0,0,0,0,no
0,0,0,0,0,0,0,0,0,0,0,0,0,0,0,0,0,0,0,no
0,0,0,0,0,0,0,0,0,0,0,0,0,0,0,0,0,0,0,no
0,0,0,0,0,0,0,0,0,0,0,0,0,0,0,0,0,0,0,no
0,0,0,0,0,0,0,0,0,0,0,0,0,0,0,0,0,0,0,no
0,0,0,0,0,0,0,0,0,0,0,0,0,0,0,0,0,0,0,no
0,0,0,0,0,0,0,0,0,0,0,0,0,0,0,0,0,0,0,no
0,0,0,0,0,0,0,0,0,0,0,0,0,0,0,0,0,0,0,no
0,0,0,0,0,0,0,0,0,0,0,0,0,0,0,0,0,0,0,no
0,0,0,0,0,0,0,0,0,0,0,0,0,0,0,0,0,0,0,no
0,0,0,0,0,0,0,0,0,0,0,0,0,0,0,0,0,0,0,no
0,0,0,0,0,0,0,0,0,0,0,0,0,0,0,0,0,0,0,no
0,0,0,0,0,0,0,0,0,0,0,0,0,0,0,0,0,0,0,no
0,0,0,0,0,0,0,0,0,0,0,0,0,0,0,0,0,0,0,no
0,0,0,0,0,0,0,0,0,0,0,0,0,0,0,0,0,0,0,no
0,0,0,0,0,0,0,0,0,0,0,0,0,0,0,0,0,0,0,no
0,0,0,0,0,0,0,0,0,0,0,0,0,0,0,0,0,0,0,no
0,0,0,0,0,0,0,0,0,0,0,0,0,0,0,0,0,0,0,no
0,0,0,0,0,0,0,0,0,0,0,0,0,0,0,0,0,0,0,no
0,0,0,0,0,0,0,0,0,0,0,0,0,0,0,0,0,0,0,no
0,0,0,0,0,0,0,0,0,0,0,0,0,0,0,0,0,0,0,no
0,0,0,0,0,0,0,0,0,0,0,0,0,0,0,0,0,0,0,no
0,0,0,0,0,0,0,0,0,0,0,0,0,0,0,0,0,0,0,no
0,0,0,0,0,0,0,0,0,0,0,0,0,0,0,0,0,0,0,no
0,0,0,0,0,0,0,0,0,0,0,0,0,0,0,0,0,0,0,no
0,0,0,0,0,0,0,0,0,0,0,0,0,0,0,0,0,0,0,no
0,0,0,0,0,0,0,0,0,0,0,0,0,0,0,0,0,0,0,no
0,0,0,0,0,0,0,0,0,0,0,0,0,0,0,0,0,0,0,no
0,0,0,0,0,0,0,0,0,0,0,0,0,0,0,0,0,0,0,no
0,0,0,0,0,0,0,0,0,0,0,0,0,0,0,0,0,0,0,no
0,0,0,0,0,0,0,0,0,0,0,0,0,0,0,0,0,0,0,no
0,0,0,0,0,0,0,0,0,0,0,0,0,0,0,0,0,0,0,no
0,0,0,0,0,0,0,0,0,0,0,0,0,0,0,0,0,0,0,no
0,0,0,0,0,0,0,0,0,0,0,0,0,0,0,0,0,0,0,no
0,0,0,0,0,0,0,0,0,0,0,0,0,0,0,0,0,0,0,no
0,0,0,0,0,0,0,0,0,0,0,0,0,0,0,0,0,0,0,no
0,0,0,0,0,0,0,0,0,0,0,0,0,0,0,0,0,0,0,no
0,0,0,0,0,0,0,0,0,0,0,0,0,0,0,0,0,0,0,no
0,0,0,0,0,0,0,0,0,0,0,0,0,0,0,0,0,0,0,no
0,0,0,0,0,0,0,0,0,0,0,0,0,0,0,0,0,0,0,no
0,0,0,0,0,0,0,0,0,0,0,0,0,0,0,0,0,0,0,no
0,0,0,0,0,0,0,0,0,0,0,0,0,0,0,0,0,0,0,no
0,0,0,0,0,0,0,0,0,0,0,0,0,0,0,0,0,0,0,no
0,0,0,0,0,0,0,0,0,0,0,0,0,0,0,0,0,0,0,no
0,0,0,0,0,0,0,0,0,0,0,0,0,0,0,0,0,0,0,no
0,0,0,0,0,0,0,0,0,0,0,0,0,0,0,0,0,0,0,no
0,0,0,0,0,0,0,0,0,0,0,0,0,0,0,0,0,0,0,no
0,0,0,0,0,0,0,0,0,0,0,0,0,0,0,0,0,0,0,no
0,0,0,0,0,0,0,0,0,0,0,0,0,0,0,0,0,0,0,no
0,0,0,0,0,0,0,0,0,0,0,0,0,0,0,0,0,0,0,no
0,0,0,0,0,0,0,0,0,0,0,0,0,0,0,0,0,0,0,no
0,0,0,0,0,0,0,0,0,0,0,0,0,0,0,0,0,0,0,no
0,0,0,0,0,0,0,0,0,0,0,0,0,0,0,0,0,0,0,no
0,0,0,0,0,0,0,0,0,0,0,0,0,0,0,0,0,0,0,no
0,0,0,0,0,0,0,0,0,0,0,0,0,0,0,0,0,0,0,no
0,0,0,0,0,0,0,0,0,0,0,0,0,0,0,0,0,0,0,no
0,0,0,0,0,0,0,0,0,0,0,0,0,0,0,0,0,0,0,no
0,0,0,0,0,0,0,0,0,0,0,0,0,0,0,0,0,0,0,no
0,0,0,0,0,0,0,0,0,0,0,0,0,0,0,0,0,0,0,no
0,0,0,0,0,0,0,0,0,0,0,0,0,0,0,0,0,0,0,no
0,0,0,0,0,0,0,0,0,0,0,0,0,0,0,0,0,0,0,no
0,0,0,0,0,0,0,0,0,0,0,0,0,0,0,0,0,0,0,no
0,0,0,0,0,0,0,0,0,0,0,0,0,0,0,0,0,0,0,no
0,0,0,0,0,0,0,0,0,0,0,0,0,0,0,0,0,0,0,no
0,0,0,0,0,0,0,0,0,0,0,0,0,0,0,0,0,0,0,no
0,0,0,0,0,0,0,0,0,0,0,0,0,0,0,0,0,0,0,no
0,0,0,0,0,0,0,0,0,0,0,0,0,0,0,0,0,0,0,no
0,0,0,0,0,0,0,0,0,0,0,0,0,0,0,0,0,0,0,no
0,0,0,0,0,0,0,0,0,0,0,0,0,0,0,0,0,0,0,no
0,0,0,0,0,0,0,0,0,0,0,0,0,0,0,0,0,0,0,no
0,0,0,0,0,0,0,0,0,0,0,0,0,0,0,0,0,0,0,no
0,0,0,0,0,0,0,0,0,0,0,0,0,0,0,0,0,0,0,no
0,0,0,0,0,0,0,0,0,0,0,0,0,0,0,0,0,0,0,no
0,0,0,0,0,0,0,0,0,0,0,0,0,0,0,0,0,0,0,no
0,0,0,0,0,0,0,0,0,0,0,0,0,0,0,0,0,0,0,no
0,0,0,0,0,0,0,0,0,0,0,0,0,0,0,0,0,0,0,no
0,0,0,0,0,0,0,0,0,0,0,0,0,0,0,0,0,0,0,no
0,0,0,0,0,0,0,0,0,0,0,0,0,0,0,0,0,0,0,no
0,0,0,0,0,0,0,0,0,0,0,0,0,0,0,0,0,0,0,no
0,0,0,0,0,0,0,0,0,0,0,0,0,0,0,0,0,0,0,no
0,0,0,0,0,0,0,0,0,0,0,0,0,0,0,0,0,0,0,no
0,0,0,0,0,0,0,0,0,0,0,0,0,0,0,0,0,0,0,no
0,0,0,0,0,0,0,0,0,0,0,0,0,0,0,0,0,0,0,no
0,0,0,0,0,0,0,0,0,0,0,0,0,0,0,0,0,0,0,no
0,0,0,0,0,0,0,0,0,0,0,0,0,0,0,0,0,0,0,no
0,0,0,0,0,0,0,0,0,0,0,0,0,0,0,0,0,0,0,no
0,0,0,0,0,0,0,0,0,0,0,0,0,0,0,0,0,0,0,no
0,0,0,0,0,0,0,0,0,0,0,0,0,0,0,0,0,0,0,no
0,0,0,0,0,0,0,0,0,0,0,0,0,0,0,0,0,0,0,no
0,0,0,0,0,0,0,0,0,0,0,0,0,0,0,0,0,0,0,no
0,0,0,0,0,0,0,0,0,0,0,0,0,0,0,0,0,0,0,no
0,0,0,0,0,0,0,0,0,0,0,0,0,0,0,0,0,0,0,no
0,0,0,0,0,0,0,0,0,0,0,0,0,0,0,0,0,0,0,no
0,0,0,0,0,0,0,0,0,0,0,0,0,0,0,0,0,0,0,no
0,0,0,0,0,0,0,0,0,0,0,0,0,0,0,0,0,0,0,no
0,0,0,0,0,0,0,0,0,0,0,0,0,0,0,0,0,0,0,no
0,0,0,0,0,0,0,0,0,0,0,0,0,0,0,0,0,0,0,no
0,0,0,0,0,0,0,0,0,0,0,0,0,0,0,0,0,0,0,no
0,0,0,0,0,0,0,0,0,0,0,0,0,0,0,0,0,0,0,no
0,0,0,0,0,0,0,0,0,0,0,0,0,0,0,0,0,0,0,no
0,0,0,0,0,0,0,0,0,0,0,0,0,0,0,0,0,0,0,no
0,0,0,0,0,0,0,0,0,0,0,0,0,0,0,0,0,0,0,no
0,0,0,0,0,0,0,0,0,0,0,0,0,0,0,0,0,0,0,no
0,0,0,0,0,0,0,0,0,0,0,0,0,0,0,0,0,0,0,no
0,0,0,0,0,0,0,0,0,0,0,0,0,0,0,0,0,0,0,no
0,0,0,0,0,0,0,0,0,0,0,0,0,0,0,0,0,0,0,no
0,0,0,0,0,0,0,0,0,0,0,0,0,0,0,0,0,0,0,no
0,0,0,0,0,0,0,0,0,0,0,0,0,0,0,0,0,0,0,no
0,0,0,0,0,0,0,0,0,0,0,0,0,0,0,0,0,0,0,no
0,0,0,0,0,0,0,0,0,0,0,0,0,0,0,0,0,0,0,no
0,0,0,0,0,0,0,0,0,0,0,0,0,0,0,0,0,0,0,no
0,0,0,0,0,0,0,0,0,0,0,0,0,0,0,0,0,0,0,no
0,0,0,0,0,0,0,0,0,0,0,0,0,0,0,0,0,0,0,no
0,0,0,0,0,0,0,0,0,0,0,0,0,0,0,0,0,0,0,no
0,0,0,0,0,0,0,0,0,0,0,0,0,0,0,0,0,0,0,no
0,0,0,0,0,0,0,0,0,0,0,0,0,0,0,0,0,0,0,no
0,0,0,0,0,0,0,0,0,0,0,0,0,0,0,0,0,0,0,no
0,0,0,0,0,0,0,0,0,0,0,0,0,0,0,0,0,0,0,no
0,0,0,0,0,0,0,0,0,0,0,0,0,0,0,0,0,0,0,no
0,0,0,0,0,0,0,0,0,0,0,0,0,0,0,0,0,0,0,no
0,0,0,0,0,0,0,0,0,0,0,0,0,0,0,0,0,0,0,no
0,0,0,0,0,0,0,0,0,0,0,0,0,0,0,0,0,0,0,no
0,0,0,0,0,0,0,0,0,0,0,0,0,0,0,0,0,0,0,no
0,0,0,0,0,0,0,0,0,0,0,0,0,0,0,0,0,0,0,no
0,0,0,0,0,0,0,0,0,0,0,0,0,0,0,0,0,0,0,no
0,0,0,0,0,0,0,0,0,0,0,0,0,0,0,0,0,0,0,no
0,0,0,0,0,0,0,0,0,0,0,0,0,0,0,0,0,0,0,no
0,0,0,0,0,0,0,0,0,0,0,0,0,0,0,0,0,0,0,no
0,0,0,0,0,0,0,0,0,0,0,0,0,0,0,0,0,0,0,no
0,0,0,0,0,0,0,0,0,0,0,0,0,0,0,0,0,0,0,no
0,0,0,0,0,0,0,0,0,0,0,0,0,0,0,0,0,0,0,no
0,0,0,0,0,0,0,0,0,0,0,0,0,0,0,0,0,0,0,no
0,0,0,0,0,0,0,0,0,0,0,0,0,0,0,0,0,0,0,no
0,0,0,0,0,0,0,0,0,0,0,0,0,0,0,0,0,0,0,no
0,0,0,0,0,0,0,0,0,0,0,0,0,0,0,0,0,0,0,no
0,0,0,0,0,0,0,0,0,0,0,0,0,0,0,0,0,0,0,no
0,0,0,0,0,0,0,0,0,0,0,0,0,0,0,0,0,0,0,no
0,0,0,0,0,0,0,0,0,0,0,0,0,0,0,0,0,0,0,no
0,0,0,0,0,0,0,0,0,0,0,0,0,0,0,0,0,0,0,no
0,0,0,0,0,0,0,0,0,0,0,0,0,0,0,0,0,0,0,no
0,0,0,0,0,0,0,0,0,0,0,0,0,0,0,0,0,0,0,no
0,0,0,0,0,0,0,0,0,0,0,0,0,0,0,0,0,0,0,no
0,0,0,0,0,0,0,0,0,0,0,0,0,0,0,0,0,0,0,no
0,0,0,0,0,0,0,0,0,0,0,0,0,0,0,0,0,0,0,no
0,0,0,0,0,0,0,0,0,0,0,0,0,0,0,0,0,0,0,no
0,0,0,0,0,0,0,0,0,0,0,0,0,0,0,0,0,0,0,no
0,0,0,0,0,0,0,0,0,0,0,0,0,0,0,0,0,0,0,no
0,0,0,0,0,0,0,0,0,0,0,0,0,0,0,0,0,0,0,no
0,0,0,0,0,0,0,0,0,0,0,0,0,0,0,0,0,0,0,no
0,0,0,0,0,0,0,0,0,0,0,0,0,0,0,0,0,0,0,no
0,0,0,0,0,0,0,0,0,0,0,0,0,0,0,0,0,0,0,no
0,0,0,0,0,0,0,0,0,0,0,0,0,0,0,0,0,0,0,no
0,0,0,0,0,0,0,0,0,0,0,0,0,0,0,0,0,0,0,no
0,0,0,0,0,0,0,0,0,0,0,0,0,0,0,0,0,0,0,no
0,0,0,0,0,0,0,0,0,0,0,0,0,0,0,0,0,0,0,no
0,0,0,0,0,0,0,0,0,0,0,0,0,0,0,0,0,0,0,no
0,0,0,0,0,0,0,0,0,0,0,0,0,0,0,0,0,0,0,no
0,0,0,0,0,0,0,0,0,0,0,0,0,0,0,0,0,0,0,no
0,0,0,0,0,0,0,0,0,0,0,0,0,0,0,0,0,0,0,no
0,0,0,0,0,0,0,0,0,0,0,0,0,0,0,0,0,0,0,no
0,0,0,0,0,0,0,0,0,0,0,0,0,0,0,0,0,0,0,no
0,0,0,0,0,0,0,0,0,0,0,0,0,0,0,0,0,0,0,no
0,0,0,0,0,0,0,0,0,0,0,0,0,0,0,0,0,0,0,no
0,0,0,0,0,0,0,0,0,0,0,0,0,0,0,0,0,0,0,no
0,0,0,0,0,0,0,0,0,0,0,0,0,0,0,0,0,0,0,no
0,0,0,0,0,0,0,0,0,0,0,0,0,0,0,0,0,0,0,no
0,0,0,0,0,0,0,0,0,0,0,0,0,0,0,0,0,0,0,no
0,0,0,0,0,0,0,0,0,0,0,0,0,0,0,0,0,0,0,no
0,0,0,0,0,0,0,0,0,0,0,0,0,0,0,0,0,0,0,no
0,0,0,0,0,0,0,0,0,0,0,0,0,0,0,0,0,0,0,no
0,0,0,0,0,0,0,0,0,0,0,0,0,0,0,0,0,0,0,no
0,0,0,0,0,0,0,0,0,0,0,0,0,0,0,0,0,0,0,no
0,0,0,0,0,0,0,0,0,0,0,0,0,0,0,0,0,0,0,no
0,0,0,0,0,0,0,0,0,0,0,0,0,0,0,0,0,0,0,no
0,0,0,0,0,0,0,0,0,0,0,0,0,0,0,0,0,0,0,no
0,0,0,0,0,0,0,0,0,0,0,0,0,0,0,0,0,0,0,no
0,0,0,0,0,0,0,0,0,0,0,0,0,0,0,0,0,0,0,no
0,0,0,0,0,0,0,0,0,0,0,0,0,0,0,0,0,0,0,no
0,0,0,0,0,0,0,0,0,0,0,0,0,0,0,0,0,0,0,no
0,0,0,0,0,0,0,0,0,0,0,0,0,0,0,0,0,0,0,no
0,0,0,0,0,0,0,0,0,0,0,0,0,0,0,0,0,0,0,no
0,0,0,0,0,0,0,0,0,0,0,0,0,0,0,0,0,0,0,no
0,0,0,0,0,0,0,0,0,0,0,0,0,0,0,0,0,0,0,no
0,0,0,0,0,0,0,0,0,0,0,0,0,0,0,0,0,0,0,no
0,0,0,0,0,0,0,0,0,0,0,0,0,0,0,0,0,0,0,no
0,0,0,0,0,0,0,0,0,0,0,0,0,0,0,0,0,0,0,no
0,0,0,0,0,0,0,0,0,0,0,0,0,0,0,0,0,0,0,no
0,0,0,0,0,0,0,0,0,0,0,0,0,0,0,0,0,0,0,no
0,0,0,0,0,0,0,0,0,0,0,0,0,0,0,0,0,0,0,no
0,0,0,0,0,0,0,0,0,0,0,0,0,0,0,0,0,0,0,no
0,0,0,0,0,0,0,0,0,0,0,0,0,0,0,0,0,0,0,no
0,0,0,0,0,0,0,0,0,0,0,0,0,0,0,0,0,0,0,no
0,0,0,0,0,0,0,0,0,0,0,0,0,0,0,0,0,0,0,no
0,0,0,0,0,0,0,0,0,0,0,0,0,0,0,0,0,0,0,no
0,0,0,0,0,0,0,0,0,0,0,0,0,0,0,0,0,0,0,no
0,0,0,0,0,0,0,0,0,0,0,0,0,0,0,0,0,0,0,no
0,0,0,0,0,0,0,0,0,0,0,0,0,0,0,0,0,0,0,no
0,0,0,0,0,0,0,0,0,0,0,0,0,0,0,0,0,0,0,no
0,0,0,0,0,0,0,0,0,0,0,0,0,0,0,0,0,0,0,no
0,0,0,0,0,0,0,0,0,0,0,0,0,0,0,0,0,0,0,no
0,0,0,0,0,0,0,0,0,0,0,0,0,0,0,0,0,0,0,no
0,0,0,0,0,0,0,0,0,0,0,0,0,0,0,0,0,0,0,no
0,0,0,0,0,0,0,0,0,0,0,0,0,0,0,0,0,0,0,no
0,0,0,0,0,0,0,0,0,0,0,0,0,0,0,0,0,0,0,no
0,0,0,0,0,0,0,0,0,0,0,0,0,0,0,0,0,0,0,no
0,0,0,0,0,0,0,0,0,0,0,0,0,0,0,0,0,0,0,no
0,0,0,0,0,0,0,0,0,0,0,0,0,0,0,0,0,0,0,no
0,0,0,0,0,0,0,0,0,0,0,0,0,0,0,0,0,0,0,no
0,0,0,0,0,0,0,0,0,0,0,0,0,0,0,0,0,0,0,no
0,0,0,0,0,0,0,0,0,0,0,0,0,0,0,0,0,0,0,no
0,0,0,0,0,0,0,0,0,0,0,0,0,0,0,0,0,0,0,no
0,0,0,0,0,0,0,0,0,0,0,0,0,0,0,0,0,0,0,no
0,0,0,0,0,0,0,0,0,0,0,0,0,0,0,0,0,0,0,no
0,0,0,0,0,0,0,0,0,0,0,0,0,0,0,0,0,0,0,no
0,0,0,0,0,0,0,0,0,0,0,0,0,0,0,0,0,0,0,no
0,0,0,0,0,0,0,0,0,0,0,0,0,0,0,0,0,0,0,no
0,0,0,0,0,0,0,0,0,0,0,0,0,0,0,0,0,0,0,no
0,0,0,0,0,0,0,0,0,0,0,0,0,0,0,0,0,0,0,no
0,0,0,0,0,0,0,0,0,0,0,0,0,0,0,0,0,0,0,no
0,0,0,0,0,0,0,0,0,0,0,0,0,0,0,0,0,0,0,no
0,0,0,0,0,0,0,0,0,0,0,0,0,0,0,0,0,0,0,no
0,0,0,0,0,0,0,0,0,0,0,0,0,0,0,0,0,0,0,no
0,0,0,0,0,0,0,0,0,0,0,0,0,0,0,0,0,0,0,no
0,0,0,0,0,0,0,0,0,0,0,0,0,0,0,0,0,0,0,no
0,0,0,0,0,0,0,0,0,0,0,0,0,0,0,0,0,0,0,no
0,0,0,0,0,0,0,0,0,0,0,0,0,0,0,0,0,0,0,no
0,0,0,0,0,0,0,0,0,0,0,0,0,0,0,0,0,0,0,no
0,0,0,0,0,0,0,0,0,0,0,0,0,0,0,0,0,0,0,no
0,0,0,0,0,0,0,0,0,0,0,0,0,0,0,0,0,0,0,no
0,0,0,0,0,0,0,0,0,0,0,0,0,0,0,0,0,0,0,no
0,0,0,0,0,0,0,0,0,0,0,0,0,0,0,0,0,0,0,no
0,0,0,0,0,0,0,0,0,0,0,0,0,0,0,0,0,0,0,no
0,0,0,0,0,0,0,0,0,0,0,0,0,0,0,0,0,0,0,no
0,0,0,0,0,0,0,0,0,0,0,0,0,0,0,0,0,0,0,no
0,0,0,0,0,0,0,0,0,0,0,0,0,0,0,0,0,0,0,no
0,0,0,0,0,0,0,0,0,0,0,0,0,0,0,0,0,0,0,no
0,0,0,0,0,0,0,0,0,0,0,0,0,0,0,0,0,0,0,no
0,0,0,0,0,0,0,0,0,0,0,0,0,0,0,0,0,0,0,no
0,0,0,0,0,0,0,0,0,0,0,0,0,0,0,0,0,0,0,no
0,0,0,0,0,0,0,0,0,0,0,0,0,0,0,0,0,0,0,no
0,0,0,0,0,0,0,0,0,0,0,0,0,0,0,0,0,0,0,no
0,0,0,0,0,0,0,0,0,0,0,0,0,0,0,0,0,0,0,no
0,0,0,0,0,0,0,0,0,0,0,0,0,0,0,0,0,0,0,no
0,0,0,0,0,0,0,0,0,0,0,0,0,0,0,0,0,0,0,no
0,0,0,0,0,0,0,0,0,0,0,0,0,0,0,0,0,0,0,no
0,0,0,0,0,0,0,0,0,0,0,0,0,0,0,0,0,0,0,no
0,0,0,0,0,0,0,0,0,0,0,0,0,0,0,0,0,0,0,no
0,0,0,0,0,0,0,0,0,0,0,0,0,0,0,0,0,0,0,no
0,0,0,0,0,0,0,0,0,0,0,0,0,0,0,0,0,0,0,no
0,0,0,0,0,0,0,0,0,0,0,0,0,0,0,0,0,0,0,no
0,0,0,0,0,0,0,0,0,0,0,0,0,0,0,0,0,0,0,no
0,0,0,0,0,0,0,0,0,0,0,0,0,0,0,0,0,0,0,no
0,0,0,0,0,0,0,0,0,0,0,0,0,0,0,0,0,0,0,no
0,0,0,0,0,0,0,0,0,0,0,0,0,0,0,0,0,0,0,no
0,0,0,0,0,0,0,0,0,0,0,0,0,0,0,0,0,0,0,no
0,0,0,0,0,0,0,0,0,0,0,0,0,0,0,0,0,0,0,no
0,0,0,0,0,0,0,0,0,0,0,0,0,0,0,0,0,0,0,no
0,0,0,0,0,0,0,0,0,0,0,0,0,0,0,0,0,0,0,no
0,0,0,0,0,0,0,0,0,0,0,0,0,0,0,0,0,0,0,no
0,0,0,0,0,0,0,0,0,0,0,0,0,0,0,0,0,0,0,no
0,0,0,0,0,0,0,0,0,0,0,0,0,0,0,0,0,0,0,no
0,0,0,0,0,0,0,0,0,0,0,0,0,0,0,0,0,0,0,no
0,0,0,0,0,0,0,0,0,0,0,0,0,0,0,0,0,0,0,no
0,0,0,0,0,0,0,0,0,0,0,0,0,0,0,0,0,0,0,no
0,0,0,0,0,0,0,0,0,0,0,0,0,0,0,0,0,0,0,no
0,0,0,0,0,0,0,0,0,0,0,0,0,0,0,0,0,0,0,no
0,0,0,0,0,0,0,0,0,0,0,0,0,0,0,0,0,0,0,no
0,0,0,0,0,0,0,0,0,0,0,0,0,0,0,0,0,0,0,no
0,0,0,0,0,0,0,0,0,0,0,0,0,0,0,0,0,0,0,no
0,0,0,0,0,0,0,0,0,0,0,0,0,0,0,0,0,0,0,no
0,0,0,0,0,0,0,0,0,0,0,0,0,0,0,0,0,0,0,no
0,0,0,0,0,0,0,0,0,0,0,0,0,0,0,0,0,0,0,no
0,0,0,0,0,0,0,0,0,0,0,0,0,0,0,0,0,0,0,no
0,0,0,0,0,0,0,0,0,0,0,0,0,0,0,0,0,0,0,no
0,0,0,0,0,0,0,0,0,0,0,0,0,0,0,0,0,0,0,no
0,0,0,0,0,0,0,0,0,0,0,0,0,0,0,0,0,0,0,no
0,0,0,0,0,0,0,0,0,0,0,0,0,0,0,0,0,0,0,no
0,0,0,0,0,0,0,0,0,0,0,0,0,0,0,0,0,0,0,no
0,0,0,0,0,0,0,0,0,0,0,0,0,0,0,0,0,0,0,no
0,0,0,0,0,0,0,0,0,0,0,0,0,0,0,0,0,0,0,no
0,0,0,0,0,0,0,0,0,0,0,0,0,0,0,0,0,0,0,no
0,0,0,0,0,0,0,0,0,0,0,0,0,0,0,0,0,0,0,no
0,0,0,0,0,0,0,0,0,0,0,0,0,0,0,0,0,0,0,no
0,0,0,0,0,0,0,0,0,0,0,0,0,0,0,0,0,0,0,no
0,0,0,0,0,0,0,0,0,0,0,0,0,0,0,0,0,0,0,no
0,0,0,0,0,0,0,0,0,0,0,0,0,0,0,0,0,0,0,no
0,0,0,0,0,0,0,0,0,0,0,0,0,0,0,0,0,0,0,no
0,0,0,0,0,0,0,0,0,0,0,0,0,0,0,0,0,0,0,no
0,0,0,0,0,0,0,0,0,0,0,0,0,0,0,0,0,0,0,no
0,0,0,0,0,0,0,0,0,0,0,0,0,0,0,0,0,0,0,no
0,0,0,0,0,0,0,0,0,0,0,0,0,0,0,0,0,0,0,no
0,0,0,0,0,0,0,0,0,0,0,0,0,0,0,0,0,0,0,no
0,0,0,0,0,0,0,0,0,0,0,0,0,0,0,0,0,0,0,no
0,0,0,0,0,0,0,0,0,0,0,0,0,0,0,0,0,0,0,no
0,0,0,0,0,0,0,0,0,0,0,0,0,0,0,0,0,0,0,no
0,0,0,0,0,0,0,0,0,0,0,0,0,0,0,0,0,0,0,no
0,0,0,0,0,0,0,0,0,0,0,0,0,0,0,0,0,0,0,no
0,0,0,0,0,0,0,0,0,0,0,0,0,0,0,0,0,0,0,no
0,0,0,0,0,0,0,0,0,0,0,0,0,0,0,0,0,0,0,no
0,0,0,0,0,0,0,0,0,0,0,0,0,0,0,0,0,0,0,no
0,0,0,0,0,0,0,0,0,0,0,0,0,0,0,0,0,0,0,no
0,0,0,0,0,0,0,0,0,0,0,0,0,0,0,0,0,0,0,no
0,0,0,0,0,0,0,0,0,0,0,0,0,0,0,0,0,0,0,no
0,0,0,0,0,0,0,0,0,0,0,0,0,0,0,0,0,0,0,no
0,0,0,0,0,0,0,0,0,0,0,0,0,0,0,0,0,0,0,no
0,0,0,0,0,0,0,0,0,0,0,0,0,0,0,0,0,0,0,no
0,0,0,0,0,0,0,0,0,0,0,0,0,0,0,0,0,0,0,no
0,0,0,0,0,0,0,0,0,0,0,0,0,0,0,0,0,0,0,no
0,0,0,0,0,0,0,0,0,0,0,0,0,0,0,0,0,0,0,no
0,0,0,0,0,0,0,0,0,0,0,0,0,0,0,0,0,0,0,no
0,0,0,0,0,0,0,0,0,0,0,0,0,0,0,0,0,0,0,no
0,0,0,0,0,0,0,0,0,0,0,0,0,0,0,0,0,0,0,no
0,0,0,0,0,0,0,0,0,0,0,0,0,0,0,0,0,0,0,no
0,0,0,0,0,0,0,0,0,0,0,0,0,0,0,0,0,0,0,no
0,0,0,0,0,0,0,0,0,0,0,0,0,0,0,0,0,0,0,no
0,0,0,0,0,0,0,0,0,0,0,0,0,0,0,0,0,0,0,no
0,0,0,0,0,0,0,0,0,0,0,0,0,0,0,0,0,0,0,no
0,0,0,0,0,0,0,0,0,0,0,0,0,0,0,0,0,0,0,no
0,0,0,0,0,0,0,0,0,0,0,0,0,0,0,0,0,0,0,no
0,0,0,0,0,0,0,0,0,0,0,0,0,0,0,0,0,0,0,no
0,0,0,0,0,0,0,0,0,0,0,0,0,0,0,0,0,0,0,no
0,0,0,0,0,0,0,0,0,0,0,0,0,0,0,0,0,0,0,no
0,0,0,0,0,0,0,0,0,0,0,0,0,0,0,0,0,0,0,no
0,0,0,0,0,0,0,0,0,0,0,0,0,0,0,0,0,0,0,no
0,0,0,0,0,0,0,0,0,0,0,0,0,0,0,0,0,0,0,no
0,0,0,0,0,0,0,0,0,0,0,0,0,0,0,0,0,0,0,no
0,0,0,0,0,0,0,0,0,0,0,0,0,0,0,0,0,0,0,no
0,0,0,0,0,0,0,0,0,0,0,0,0,0,0,0,0,0,0,no
0,0,0,0,0,0,0,0,0,0,0,0,0,0,0,0,0,0,0,no
0,0,0,0,0,0,0,0,0,0,0,0,0,0,0,0,0,0,0,no
0,0,0,0,0,0,0,0,0,0,0,0,0,0,0,0,0,0,0,no
0,0,0,0,0,0,0,0,0,0,0,0,0,0,0,0,0,0,0,no
0,0,0,0,0,0,0,0,0,0,0,0,0,0,0,0,0,0,0,no
0,0,0,0,0,0,0,0,0,0,0,0,0,0,0,0,0,0,0,no
0,0,0,0,0,0,0,0,0,0,0,0,0,0,0,0,0,0,0,no
0,0,0,0,0,0,0,0,0,0,0,0,0,0,0,0,0,0,0,no
0,0,0,0,0,0,0,0,0,0,0,0,0,0,0,0,0,0,0,no
0,0,0,0,0,0,0,0,0,0,0,0,0,0,0,0,0,0,0,no
0,0,0,0,0,0,0,0,0,0,0,0,0,0,0,0,0,0,0,no
0,0,0,0,0,0,0,0,0,0,0,0,0,0,0,0,0,0,0,no
0,0,0,0,0,0,0,0,0,0,0,0,0,0,0,0,0,0,0,no
0,0,0,0,0,0,0,0,0,0,0,0,0,0,0,0,0,0,0,no
0,0,0,0,0,0,0,0,0,0,0,0,0,0,0,0,0,0,0,no
0,0,0,0,0,0,0,0,0,0,0,0,0,0,0,0,0,0,0,no
0,0,0,0,0,0,0,0,0,0,0,0,0,0,0,0,0,0,0,no
0,0,0,0,0,0,0,0,0,0,0,0,0,0,0,0,0,0,0,no
0,0,0,0,0,0,0,0,0,0,0,0,0,0,0,0,0,0,0,no
0,0,0,0,0,0,0,0,0,0,0,0,0,0,0,0,0,0,0,no
0,0,0,0,0,0,0,0,0,0,0,0,0,0,0,0,0,0,0,no
0,0,0,0,0,0,0,0,0,0,0,0,0,0,0,0,0,0,0,no
0,0,0,0,0,0,0,0,0,0,0,0,0,0,0,0,0,0,0,no
0,0,0,0,0,0,0,0,0,0,0,0,0,0,0,0,0,0,0,no
0,0,0,0,0,0,0,0,0,0,0,0,0,0,0,0,0,0,0,no
0,0,0,0,0,0,0,0,0,0,0,0,0,0,0,0,0,0,0,no
0,0,0,0,0,0,0,0,0,0,0,0,0,0,0,0,0,0,0,no
0,0,0,0,0,0,0,0,0,0,0,0,0,0,0,0,0,0,0,no
0,0,0,0,0,0,0,0,0,0,0,0,0,0,0,0,0,0,0,no
0,0,0,0,0,0,0,0,0,0,0,0,0,0,0,0,0,0,0,no
0,0,0,0,0,0,0,0,0,0,0,0,0,0,0,0,0,0,0,no
0,0,0,0,0,0,0,0,0,0,0,0,0,0,0,0,0,0,0,no
0,0,0,0,0,0,0,0,0,0,0,0,0,0,0,0,0,0,0,no
0,0,0,0,0,0,0,0,0,0,0,0,0,0,0,0,0,0,0,no
0,0,0,0,0,0,0,0,0,0,0,0,0,0,0,0,0,0,0,no
0,0,0,0,0,0,0,0,0,0,0,0,0,0,0,0,0,0,0,no
0,0,0,0,0,0,0,0,0,0,0,0,0,0,0,0,0,0,0,no
0,0,0,0,0,0,0,0,0,0,0,0,0,0,0,0,0,0,0,no
0,0,0,0,0,0,0,0,0,0,0,0,0,0,0,0,0,0,0,no
0,0,0,0,0,0,0,0,0,0,0,0,0,0,0,0,0,0,0,no
0,0,0,0,0,0,0,0,0,0,0,0,0,0,0,0,0,0,0,no
0,0,0,0,0,0,0,0,0,0,0,0,0,0,0,0,0,0,0,no
0,0,0,0,0,0,0,0,0,0,0,0,0,0,0,0,0,0,0,no
0,0,0,0,0,0,0,0,0,0,0,0,0,0,0,0,0,0,0,no
0,0,0,0,0,0,0,0,0,0,0,0,0,0,0,0,0,0,0,no
0,0,0,0,0,0,0,0,0,0,0,0,0,0,0,0,0,0,0,no
0,0,0,0,0,0,0,0,0,0,0,0,0,0,0,0,0,0,0,no
0,0,0,0,0,0,0,0,0,0,0,0,0,0,0,0,0,0,0,no
0,0,0,0,0,0,0,0,0,0,0,0,0,0,0,0,0,0,0,no
0,0,0,0,0,0,0,0,0,0,0,0,0,0,0,0,0,0,0,no
0,0,0,0,0,0,0,0,0,0,0,0,0,0,0,0,0,0,0,no
0,0,0,0,0,0,0,0,0,0,0,0,0,0,0,0,0,0,0,no
0,0,0,0,0,0,0,0,0,0,0,0,0,0,0,0,0,0,0,no
0,0,0,0,0,0,0,0,0,0,0,0,0,0,0,0,0,0,0,no
0,0,0,0,0,0,0,0,0,0,0,0,0,0,0,0,0,0,0,no
0,0,0,0,0,0,0,0,0,0,0,0,0,0,0,0,0,0,0,no
0,0,0,0,0,0,0,0,0,0,0,0,0,0,0,0,0,0,0,no
0,0,0,0,0,0,0,0,0,0,0,0,0,0,0,0,0,0,0,no
0,0,0,0,0,0,0,0,0,0,0,0,0,0,0,0,0,0,0,no
0,0,0,0,0,0,0,0,0,0,0,0,0,0,0,0,0,0,0,no
0,0,0,0,0,0,0,0,0,0,0,0,0,0,0,0,0,0,0,no
0,0,0,0,0,0,0,0,0,0,0,0,0,0,0,0,0,0,0,no
0,0,0,0,0,0,0,0,0,0,0,0,0,0,0,0,0,0,0,no
0,0,0,0,0,0,0,0,0,0,0,0,0,0,0,0,0,0,0,no
0,0,0,0,0,0,0,0,0,0,0,0,0,0,0,0,0,0,0,no
0,0,0,0,0,0,0,0,0,0,0,0,0,0,0,0,0,0,0,no
0,0,0,0,0,0,0,0,0,0,0,0,0,0,0,0,0,0,0,no
0,0,0,0,0,0,0,0,0,0,0,0,0,0,0,0,0,0,0,no
0,0,0,0,0,0,0,0,0,0,0,0,0,0,0,0,0,0,0,no
0,0,0,0,0,0,0,0,0,0,0,0,0,0,0,0,0,0,0,no
0,0,0,0,0,0,0,0,0,0,0,0,0,0,0,0,0,0,0,no
0,0,0,0,0,0,0,0,0,0,0,0,0,0,0,0,0,0,0,no
0,0,0,0,0,0,0,0,0,0,0,0,0,0,0,0,0,0,0,no
0,0,0,0,0,0,0,0,0,0,0,0,0,0,0,0,0,0,0,no
0,0,0,0,0,0,0,0,0,0,0,0,0,0,0,0,0,0,0,no
0,0,0,0,0,0,0,0,0,0,0,0,0,0,0,0,0,0,0,no
0,0,0,0,0,0,0,0,0,0,0,0,0,0,0,0,0,0,0,no
0,0,0,0,0,0,0,0,0,0,0,0,0,0,0,0,0,0,0,no
0,0,0,0,0,0,0,0,0,0,0,0,0,0,0,0,0,0,0,no
0,0,0,0,0,0,0,0,0,0,0,0,0,0,0,0,0,0,0,no
0,0,0,0,0,0,0,0,0,0,0,0,0,0,0,0,0,0,0,no
0,0,0,0,0,0,0,0,0,0,0,0,0,0,0,0,0,0,0,no
0,0,0,0,0,0,0,0,0,0,0,0,0,0,0,0,0,0,0,no
0,0,0,0,0,0,0,0,0,0,0,0,0,0,0,0,0,0,0,no
0,0,0,0,0,0,0,0,0,0,0,0,0,0,0,0,0,0,0,no
0,0,0,0,0,0,0,0,0,0,0,0,0,0,0,0,0,0,0,no
0,0,0,0,0,0,0,0,0,0,0,0,0,0,0,0,0,0,0,no
0,0,0,0,0,0,0,0,0,0,0,0,0,0,0,0,0,0,0,no
0,0,0,0,0,0,0,0,0,0,0,0,0,0,0,0,0,0,0,no
0,0,0,0,0,0,0,0,0,0,0,0,0,0,0,0,0,0,0,no
0,0,0,0,0,0,0,0,0,0,0,0,0,0,0,0,0,0,0,no
0,0,0,0,0,0,0,0,0,0,0,0,0,0,0,0,0,0,0,no
0,0,0,0,0,0,0,0,0,0,0,0,0,0,0,0,0,0,0,no
0,0,0,0,0,0,0,0,0,0,0,0,0,0,0,0,0,0,0,no
0,0,0,0,0,0,0,0,0,0,0,0,0,0,0,0,0,0,0,no
0,0,0,0,0,0,0,0,0,0,0,0,0,0,0,0,0,0,0,no
0,0,0,0,0,0,0,0,0,0,0,0,0,0,0,0,0,0,0,no
0,0,0,0,0,0,0,0,0,0,0,0,0,0,0,0,0,0,0,no
0,0,0,0,0,0,0,0,0,0,0,0,0,0,0,0,0,0,0,no
0,0,0,0,0,0,0,0,0,0,0,0,0,0,0,0,0,0,0,no
0,0,0,0,0,0,0,0,0,0,0,0,0,0,0,0,0,0,0,no
0,0,0,0,0,0,0,0,0,0,0,0,0,0,0,0,0,0,0,no
0,0,0,0,0,0,0,0,0,0,0,0,0,0,0,0,0,0,0,no
0,0,0,0,0,0,0,0,0,0,0,0,0,0,0,0,0,0,0,no
0,0,0,0,0,0,0,0,0,0,0,0,0,0,0,0,0,0,0,no
0,0,0,0,0,0,0,0,0,0,0,0,0,0,0,0,0,0,0,no
0,0,0,0,0,0,0,0,0,0,0,0,0,0,0,0,0,0,0,no
0,0,0,0,0,0,0,0,0,0,0,0,0,0,0,0,0,0,0,no
0,0,0,0,0,0,0,0,0,0,0,0,0,0,0,0,0,0,0,no
0,0,0,0,0,0,0,0,0,0,0,0,0,0,0,0,0,0,0,no
0,0,0,0,0,0,0,0,0,0,0,0,0,0,0,0,0,0,0,no
0,0,0,0,0,0,0,0,0,0,0,0,0,0,0,0,0,0,0,no
0,0,0,0,0,0,0,0,0,0,0,0,0,0,0,0,0,0,0,no
0,0,0,0,0,0,0,0,0,0,0,0,0,0,0,0,0,0,0,no
0,0,0,0,0,0,0,0,0,0,0,0,0,0,0,0,0,0,0,no
0,0,0,0,0,0,0,0,0,0,0,0,0,0,0,0,0,0,0,no
0,0,0,0,0,0,0,0,0,0,0,0,0,0,0,0,0,0,0,no
0,0,0,0,0,0,0,0,0,0,0,0,0,0,0,0,0,0,0,no
0,0,0,0,0,0,0,0,0,0,0,0,0,0,0,0,0,0,0,no
0,0,0,0,0,0,0,0,0,0,0,0,0,0,0,0,0,0,0,no
0,0,0,0,0,0,0,0,0,0,0,0,0,0,0,0,0,0,0,no
0,0,0,0,0,0,0,0,0,0,0,0,0,0,0,0,0,0,0,no
0,0,0,0,0,0,0,0,0,0,0,0,0,0,0,0,0,0,0,no
0,0,0,0,0,0,0,0,0,0,0,0,0,0,0,0,0,0,0,no
0,0,0,0,0,0,0,0,0,0,0,0,0,0,0,0,0,0,0,no
0,0,0,0,0,0,0,0,0,0,0,0,0,0,0,0,0,0,0,no
0,0,0,0,0,0,0,0,0,0,0,0,0,0,0,0,0,0,0,no
0,0,0,0,0,0,0,0,0,0,0,0,0,0,0,0,0,0,0,no
0,0,0,0,0,0,0,0,0,0,0,0,0,0,0,0,0,0,0,no
0,0,0,0,0,0,0,0,0,0,0,0,0,0,0,0,0,0,0,no
0,0,0,0,0,0,0,0,0,0,0,0,0,0,0,0,0,0,0,no
0,0,0,0,0,0,0,0,0,0,0,0,0,0,0,0,0,0,0,no
0,0,0,0,0,0,0,0,0,0,0,0,0,0,0,0,0,0,0,no
0,0,0,0,0,0,0,0,0,0,0,0,0,0,0,0,0,0,0,no
0,0,0,0,0,0,0,0,0,0,0,0,0,0,0,0,0,0,0,no
0,0,0,0,0,0,0,0,0,0,0,0,0,0,0,0,0,0,0,no
0,0,0,0,0,0,0,0,0,0,0,0,0,0,0,0,0,0,0,no
0,0,0,0,0,0,0,0,0,0,0,0,0,0,0,0,0,0,0,no
0,0,0,0,0,0,0,0,0,0,0,0,0,0,0,0,0,0,0,no
0,0,0,0,0,0,0,0,0,0,0,0,0,0,0,0,0,0,0,no
0,0,0,0,0,0,0,0,0,0,0,0,0,0,0,0,0,0,0,no
0,0,0,0,0,0,0,0,0,0,0,0,0,0,0,0,0,0,0,no
0,0,0,0,0,0,0,0,0,0,0,0,0,0,0,0,0,0,0,no
0,0,0,0,0,0,0,0,0,0,0,0,0,0,0,0,0,0,0,no
0,0,0,0,0,0,0,0,0,0,0,0,0,0,0,0,0,0,0,no
0,0,0,0,0,0,0,0,0,0,0,0,0,0,0,0,0,0,0,no
0,0,0,0,0,0,0,0,0,0,0,0,0,0,0,0,0,0,0,no
0,0,0,0,0,0,0,0,0,0,0,0,0,0,0,0,0,0,0,no
0,0,0,0,0,0,0,0,0,0,0,0,0,0,0,0,0,0,0,no
0,0,0,0,0,0,0,0,0,0,0,0,0,0,0,0,0,0,0,no
0,0,0,0,0,0,0,0,0,0,0,0,0,0,0,0,0,0,0,no
0,0,0,0,0,0,0,0,0,0,0,0,0,0,0,0,0,0,0,no
0,0,0,0,0,0,0,0,0,0,0,0,0,0,0,0,0,0,0,no
0,0,0,0,0,0,0,0,0,0,0,0,0,0,0,0,0,0,0,no
0,0,0,0,0,0,0,0,0,0,0,0,0,0,0,0,0,0,0,no
0,0,0,0,0,0,0,0,0,0,0,0,0,0,0,0,0,0,0,no
0,0,0,0,0,0,0,0,0,0,0,0,0,0,0,0,0,0,0,no
0,0,0,0,0,0,0,0,0,0,0,0,0,0,0,0,0,0,0,no
0,0,0,0,0,0,0,0,0,0,0,0,0,0,0,0,0,0,0,no
0,0,0,0,0,0,0,0,0,0,0,0,0,0,0,0,0,0,0,no
0,0,0,0,0,0,0,0,0,0,0,0,0,0,0,0,0,0,0,no
0,0,0,0,0,0,0,0,0,0,0,0,0,0,0,0,0,0,0,no
0,0,0,0,0,0,0,0,0,0,0,0,0,0,0,0,0,0,0,no
0,0,0,0,0,0,0,0,0,0,0,0,0,0,0,0,0,0,0,no
0,0,0,0,0,0,0,0,0,0,0,0,0,0,0,0,0,0,0,no
0,0,0,0,0,0,0,0,0,0,0,0,0,0,0,0,0,0,0,no
0,0,0,0,0,0,0,0,0,0,0,0,0,0,0,0,0,0,0,no
0,0,0,0,0,0,0,0,0,0,0,0,0,0,0,0,0,0,0,no
0,0,0,0,0,0,0,0,0,0,0,0,0,0,0,0,0,0,0,no
0,0,0,0,0,0,0,0,0,0,0,0,0,0,0,0,0,0,0,no
0,0,0,0,0,0,0,0,0,0,0,0,0,0,0,0,0,0,0,no
0,0,0,0,0,0,0,0,0,0,0,0,0,0,0,0,0,0,0,no
0,0,0,0,0,0,0,0,0,0,0,0,0,0,0,0,0,0,0,no
0,0,0,0,0,0,0,0,0,0,0,0,0,0,0,0,0,0,0,no
0,0,0,0,0,0,0,0,0,0,0,0,0,0,0,0,0,0,0,no
0,0,0,0,0,0,0,0,0,0,0,0,0,0,0,0,0,0,0,no
0,0,0,0,0,0,0,0,0,0,0,0,0,0,0,0,0,0,0,no
0,0,0,0,0,0,0,0,0,0,0,0,0,0,0,0,0,0,0,no
0,0,0,0,0,0,0,0,0,0,0,0,0,0,0,0,0,0,0,no
0,0,0,0,0,0,0,0,0,0,0,0,0,0,0,0,0,0,0,no
0,0,0,0,0,0,0,0,0,0,0,0,0,0,0,0,0,0,0,no
0,0,0,0,0,0,0,0,0,0,0,0,0,0,0,0,0,0,0,no
0,0,0,0,0,0,0,0,0,0,0,0,0,0,0,0,0,0,0,no
0,0,0,0,0,0,0,0,0,0,0,0,0,0,0,0,0,0,0,no
0,0,0,0,0,0,0,0,0,0,0,0,0,0,0,0,0,0,0,no
0,0,0,0,0,0,0,0,0,0,0,0,0,0,0,0,0,0,0,no
0,0,0,0,0,0,0,0,0,0,0,0,0,0,0,0,0,0,0,no
0,0,0,0,0,0,0,0,0,0,0,0,0,0,0,0,0,0,0,no
0,0,0,0,0,0,0,0,0,0,0,0,0,0,0,0,0,0,0,no
0,0,0,0,0,0,0,0,0,0,0,0,0,0,0,0,0,0,0,no
0,0,0,0,0,0,0,0,0,0,0,0,0,0,0,0,0,0,0,no
0,0,0,0,0,0,0,0,0,0,0,0,0,0,0,0,0,0,0,no
0,0,0,0,0,0,0,0,0,0,0,0,0,0,0,0,0,0,0,no
0,0,0,0,0,0,0,0,0,0,0,0,0,0,0,0,0,0,0,no
0,0,0,0,0,0,0,0,0,0,0,0,0,0,0,0,0,0,0,no
0,0,0,0,0,0,0,0,0,0,0,0,0,0,0,0,0,0,0,no
0,0,0,0,0,0,0,0,0,0,0,0,0,0,0,0,0,0,0,no
0,0,0,0,0,0,0,0,0,0,0,0,0,0,0,0,0,0,0,no
0,0,0,0,0,0,0,0,0,0,0,0,0,0,0,0,0,0,0,no
0,0,0,0,0,0,0,0,0,0,0,0,0,0,0,0,0,0,0,no
0,0,0,0,0,0,0,0,0,0,0,0,0,0,0,0,0,0,0,no
0,0,0,0,0,0,0,0,0,0,0,0,0,0,0,0,0,0,0,no
0,0,0,0,0,0,0,0,0,0,0,0,0,0,0,0,0,0,0,no
0,0,0,0,0,0,0,0,0,0,0,0,0,0,0,0,0,0,0,no
0,0,0,0,0,0,0,0,0,0,0,0,0,0,0,0,0,0,0,no
0,0,0,0,0,0,0,0,0,0,0,0,0,0,0,0,0,0,0,no
0,0,0,0,0,0,0,0,0,0,0,0,0,0,0,0,0,0,0,no
0,0,0,0,0,0,0,0,0,0,0,0,0,0,0,0,0,0,0,no
0,0,0,0,0,0,0,0,0,0,0,0,0,0,0,0,0,0,0,no
0,0,0,0,0,0,0,0,0,0,0,0,0,0,0,0,0,0,0,no
0,0,0,0,0,0,0,0,0,0,0,0,0,0,0,0,0,0,0,no
0,0,0,0,0,0,0,0,0,0,0,0,0,0,0,0,0,0,0,no
0,0,0,0,0,0,0,0,0,0,0,0,0,0,0,0,0,0,0,no
0,0,0,0,0,0,0,0,0,0,0,0,0,0,0,0,0,0,0,no
0,0,0,0,0,0,0,0,0,0,0,0,0,0,0,0,0,0,0,no
0,0,0,0,0,0,0,0,0,0,0,0,0,0,0,0,0,0,0,no
0,0,0,0,0,0,0,0,0,0,0,0,0,0,0,0,0,0,0,no
0,0,0,0,0,0,0,0,0,0,0,0,0,0,0,0,0,0,0,no
0,0,0,0,0,0,0,0,0,0,0,0,0,0,0,0,0,0,0,no
0,0,0,0,0,0,0,0,0,0,0,0,0,0,0,0,0,0,0,no
0,0,0,0,0,0,0,0,0,0,0,0,0,0,0,0,0,0,0,no
0,0,0,0,0,0,0,0,0,0,0,0,0,0,0,0,0,0,0,no
0,0,0,0,0,0,0,0,0,0,0,0,0,0,0,0,0,0,0,no
0,0,0,0,0,0,0,0,0,0,0,0,0,0,0,0,0,0,0,no
0,0,0,0,0,0,0,0,0,0,0,0,0,0,0,0,0,0,0,no
0,0,0,0,0,0,0,0,0,0,0,0,0,0,0,0,0,0,0,no
0,0,0,0,0,0,0,0,0,0,0,0,0,0,0,0,0,0,0,no
0,0,0,0,0,0,0,0,0,0,0,0,0,0,0,0,0,0,0,no
0,0,0,0,0,0,0,0,0,0,0,0,0,0,0,0,0,0,0,no
0,0,0,0,0,0,0,0,0,0,0,0,0,0,0,0,0,0,0,no
0,0,0,0,0,0,0,0,0,0,0,0,0,0,0,0,0,0,0,no
0,0,0,0,0,0,0,0,0,0,0,0,0,0,0,0,0,0,0,no
0,0,0,0,0,0,0,0,0,0,0,0,0,0,0,0,0,0,0,no
0,0,0,0,0,0,0,0,0,0,0,0,0,0,0,0,0,0,0,no
0,0,0,0,0,0,0,0,0,0,0,0,0,0,0,0,0,0,0,no
0,0,0,0,0,0,0,0,0,0,0,0,0,0,0,0,0,0,0,no
0,0,0,0,0,0,0,0,0,0,0,0,0,0,0,0,0,0,0,no
0,0,0,0,0,0,0,0,0,0,0,0,0,0,0,0,0,0,0,no
0,0,0,0,0,0,0,0,0,0,0,0,0,0,0,0,0,0,0,no
0,0,0,0,0,0,0,0,0,0,0,0,0,0,0,0,0,0,0,no
0,0,0,0,0,0,0,0,0,0,0,0,0,0,0,0,0,0,0,no
0,0,0,0,0,0,0,0,0,0,0,0,0,0,0,0,0,0,0,no
0,0,0,0,0,0,0,0,0,0,0,0,0,0,0,0,0,0,0,no
0,0,0,0,0,0,0,0,0,0,0,0,0,0,0,0,0,0,0,no
